StudentID,SubjectCode,Subject,Grade
202300270,MA206B1,"PROBABILITY, STATISTICS AND STOCHASTIC PROCESSES",F
202400006,MA206B1,"PROBABILITY, STATISTICS AND STOCHASTIC PROCESSES",F
202400013,MA206B1,"PROBABILITY, STATISTICS AND STOCHASTIC PROCESSES",D
202400015,MA206B1,"PROBABILITY, STATISTICS AND STOCHASTIC PROCESSES",A
202400023,MA206B1,"PROBABILITY, STATISTICS AND STOCHASTIC PROCESSES",F
202400024,MA206B1,"PROBABILITY, STATISTICS AND STOCHASTIC PROCESSES",D
202400026,MA206B1,"PROBABILITY, STATISTICS AND STOCHASTIC PROCESSES",F
202400027,MA206B1,"PROBABILITY, STATISTICS AND STOCHASTIC PROCESSES",A
202400032,MA206B1,"PROBABILITY, STATISTICS AND STOCHASTIC PROCESSES",B
202400042,MA206B1,"PROBABILITY, STATISTICS AND STOCHASTIC PROCESSES",B
202400048,MA206B1,"PROBABILITY, STATISTICS AND STOCHASTIC PROCESSES",D
202400050,MA206B1,"PROBABILITY, STATISTICS AND STOCHASTIC PROCESSES",D
202400051,MA206B1,"PROBABILITY, STATISTICS AND STOCHASTIC PROCESSES",D
202400060,MA206B1,"PROBABILITY, STATISTICS AND STOCHASTIC PROCESSES",F
202400063,MA206B1,"PROBABILITY, STATISTICS AND STOCHASTIC PROCESSES",D
202400079,MA206B1,"PROBABILITY, STATISTICS AND STOCHASTIC PROCESSES",B
202400084,MA206B1,"PROBABILITY, STATISTICS AND STOCHASTIC PROCESSES",B
202400087,MA206B1,"PROBABILITY, STATISTICS AND STOCHASTIC PROCESSES",A
202400092,MA206B1,"PROBABILITY, STATISTICS AND STOCHASTIC PROCESSES",F
202400099,MA206B1,"PROBABILITY, STATISTICS AND STOCHASTIC PROCESSES",D
202400104,MA206B1,"PROBABILITY, STATISTICS AND STOCHASTIC PROCESSES",S
202400105,MA206B1,"PROBABILITY, STATISTICS AND STOCHASTIC PROCESSES",B
202400108,MA206B1,"PROBABILITY, STATISTICS AND STOCHASTIC PROCESSES",B
202400109,MA206B1,"PROBABILITY, STATISTICS AND STOCHASTIC PROCESSES",A
202400111,MA206B1,"PROBABILITY, STATISTICS AND STOCHASTIC PROCESSES",B
202400117,MA206B1,"PROBABILITY, STATISTICS AND STOCHASTIC PROCESSES",A
202400123,MA206B1,"PROBABILITY, STATISTICS AND STOCHASTIC PROCESSES",D
202400126,MA206B1,"PROBABILITY, STATISTICS AND STOCHASTIC PROCESSES",E
202400137,MA206B1,"PROBABILITY, STATISTICS AND STOCHASTIC PROCESSES",C
202400150,MA206B1,"PROBABILITY, STATISTICS AND STOCHASTIC PROCESSES",D
202400161,MA206B1,"PROBABILITY, STATISTICS AND STOCHASTIC PROCESSES",C
202400162,MA206B1,"PROBABILITY, STATISTICS AND STOCHASTIC PROCESSES",E
202400164,MA206B1,"PROBABILITY, STATISTICS AND STOCHASTIC PROCESSES",B
202400173,MA206B1,"PROBABILITY, STATISTICS AND STOCHASTIC PROCESSES",C
202400175,MA206B1,"PROBABILITY, STATISTICS AND STOCHASTIC PROCESSES",F
202400178,MA206B1,"PROBABILITY, STATISTICS AND STOCHASTIC PROCESSES",C
202400179,MA206B1,"PROBABILITY, STATISTICS AND STOCHASTIC PROCESSES",F
202400180,MA206B1,"PROBABILITY, STATISTICS AND STOCHASTIC PROCESSES",C
202400183,MA206B1,"PROBABILITY, STATISTICS AND STOCHASTIC PROCESSES",E
202400187,MA206B1,"PROBABILITY, STATISTICS AND STOCHASTIC PROCESSES",F
202400191,MA206B1,"PROBABILITY, STATISTICS AND STOCHASTIC PROCESSES",E
202400203,MA206B1,"PROBABILITY, STATISTICS AND STOCHASTIC PROCESSES",S
202400204,MA206B1,"PROBABILITY, STATISTICS AND STOCHASTIC PROCESSES",E
202400210,MA206B1,"PROBABILITY, STATISTICS AND STOCHASTIC PROCESSES",B
202400211,MA206B1,"PROBABILITY, STATISTICS AND STOCHASTIC PROCESSES",C
202400212,MA206B1,"PROBABILITY, STATISTICS AND STOCHASTIC PROCESSES",D
202400214,MA206B1,"PROBABILITY, STATISTICS AND STOCHASTIC PROCESSES",S
202400217,MA206B1,"PROBABILITY, STATISTICS AND STOCHASTIC PROCESSES",E
202400230,MA206B1,"PROBABILITY, STATISTICS AND STOCHASTIC PROCESSES",S
202400232,MA206B1,"PROBABILITY, STATISTICS AND STOCHASTIC PROCESSES",E
202400233,MA206B1,"PROBABILITY, STATISTICS AND STOCHASTIC PROCESSES",B
202400237,MA206B1,"PROBABILITY, STATISTICS AND STOCHASTIC PROCESSES",S
202400239,MA206B1,"PROBABILITY, STATISTICS AND STOCHASTIC PROCESSES",D
202400243,MA206B1,"PROBABILITY, STATISTICS AND STOCHASTIC PROCESSES",A
202400245,MA206B1,"PROBABILITY, STATISTICS AND STOCHASTIC PROCESSES",S
202400249,MA206B1,"PROBABILITY, STATISTICS AND STOCHASTIC PROCESSES",B
202400254,MA206B1,"PROBABILITY, STATISTICS AND STOCHASTIC PROCESSES",A
202400256,MA206B1,"PROBABILITY, STATISTICS AND STOCHASTIC PROCESSES",S
202400260,MA206B1,"PROBABILITY, STATISTICS AND STOCHASTIC PROCESSES",E
202400261,MA206B1,"PROBABILITY, STATISTICS AND STOCHASTIC PROCESSES",C
202400263,MA206B1,"PROBABILITY, STATISTICS AND STOCHASTIC PROCESSES",E
202400266,MA206B1,"PROBABILITY, STATISTICS AND STOCHASTIC PROCESSES",B
202400267,MA206B1,"PROBABILITY, STATISTICS AND STOCHASTIC PROCESSES",S
202400268,MA206B1,"PROBABILITY, STATISTICS AND STOCHASTIC PROCESSES",A
202400276,MA206B1,"PROBABILITY, STATISTICS AND STOCHASTIC PROCESSES",F
202400277,MA206B1,"PROBABILITY, STATISTICS AND STOCHASTIC PROCESSES",E
202400282,MA206B1,"PROBABILITY, STATISTICS AND STOCHASTIC PROCESSES",D
202400284,MA206B1,"PROBABILITY, STATISTICS AND STOCHASTIC PROCESSES",F
202400288,MA206B1,"PROBABILITY, STATISTICS AND STOCHASTIC PROCESSES",C
202400293,MA206B1,"PROBABILITY, STATISTICS AND STOCHASTIC PROCESSES",B
202400301,MA206B1,"PROBABILITY, STATISTICS AND STOCHASTIC PROCESSES",F
202400316,MA206B1,"PROBABILITY, STATISTICS AND STOCHASTIC PROCESSES",C
202400329,MA206B1,"PROBABILITY, STATISTICS AND STOCHASTIC PROCESSES",D
202400335,MA206B1,"PROBABILITY, STATISTICS AND STOCHASTIC PROCESSES",E
202400345,MA206B1,"PROBABILITY, STATISTICS AND STOCHASTIC PROCESSES",C
202400347,MA206B1,"PROBABILITY, STATISTICS AND STOCHASTIC PROCESSES",D
202400348,MA206B1,"PROBABILITY, STATISTICS AND STOCHASTIC PROCESSES",F
202400349,MA206B1,"PROBABILITY, STATISTICS AND STOCHASTIC PROCESSES",F
202400354,MA206B1,"PROBABILITY, STATISTICS AND STOCHASTIC PROCESSES",S
202400359,MA206B1,"PROBABILITY, STATISTICS AND STOCHASTIC PROCESSES",F
202400365,MA206B1,"PROBABILITY, STATISTICS AND STOCHASTIC PROCESSES",F
202400368,MA206B1,"PROBABILITY, STATISTICS AND STOCHASTIC PROCESSES",C
202400373,MA206B1,"PROBABILITY, STATISTICS AND STOCHASTIC PROCESSES",A
202400375,MA206B1,"PROBABILITY, STATISTICS AND STOCHASTIC PROCESSES",S
202400376,MA206B1,"PROBABILITY, STATISTICS AND STOCHASTIC PROCESSES",D
202400377,MA206B1,"PROBABILITY, STATISTICS AND STOCHASTIC PROCESSES",A
202400378,MA206B1,"PROBABILITY, STATISTICS AND STOCHASTIC PROCESSES",F
202400382,MA206B1,"PROBABILITY, STATISTICS AND STOCHASTIC PROCESSES",F
202400387,MA206B1,"PROBABILITY, STATISTICS AND STOCHASTIC PROCESSES",F
202400391,MA206B1,"PROBABILITY, STATISTICS AND STOCHASTIC PROCESSES",F
202400401,MA206B1,"PROBABILITY, STATISTICS AND STOCHASTIC PROCESSES",F
202400404,MA206B1,"PROBABILITY, STATISTICS AND STOCHASTIC PROCESSES",B
202400406,MA206B1,"PROBABILITY, STATISTICS AND STOCHASTIC PROCESSES",S
202400411,MA206B1,"PROBABILITY, STATISTICS AND STOCHASTIC PROCESSES",F
202400412,MA206B1,"PROBABILITY, STATISTICS AND STOCHASTIC PROCESSES",F
202400420,MA206B1,"PROBABILITY, STATISTICS AND STOCHASTIC PROCESSES",E
202400429,MA206B1,"PROBABILITY, STATISTICS AND STOCHASTIC PROCESSES",C
202400430,MA206B1,"PROBABILITY, STATISTICS AND STOCHASTIC PROCESSES",C
202400431,MA206B1,"PROBABILITY, STATISTICS AND STOCHASTIC PROCESSES",F
202400433,MA206B1,"PROBABILITY, STATISTICS AND STOCHASTIC PROCESSES",F
202400436,MA206B1,"PROBABILITY, STATISTICS AND STOCHASTIC PROCESSES",F
202400438,MA206B1,"PROBABILITY, STATISTICS AND STOCHASTIC PROCESSES",B
202400444,MA206B1,"PROBABILITY, STATISTICS AND STOCHASTIC PROCESSES",E
202400446,MA206B1,"PROBABILITY, STATISTICS AND STOCHASTIC PROCESSES",A
202400449,MA206B1,"PROBABILITY, STATISTICS AND STOCHASTIC PROCESSES",D
202400453,MA206B1,"PROBABILITY, STATISTICS AND STOCHASTIC PROCESSES",F
202400454,MA206B1,"PROBABILITY, STATISTICS AND STOCHASTIC PROCESSES",D
202400459,MA206B1,"PROBABILITY, STATISTICS AND STOCHASTIC PROCESSES",D
202400463,MA206B1,"PROBABILITY, STATISTICS AND STOCHASTIC PROCESSES",E
202400464,MA206B1,"PROBABILITY, STATISTICS AND STOCHASTIC PROCESSES",F
202400468,MA206B1,"PROBABILITY, STATISTICS AND STOCHASTIC PROCESSES",A
202400486,MA206B1,"PROBABILITY, STATISTICS AND STOCHASTIC PROCESSES",B
202400487,MA206B1,"PROBABILITY, STATISTICS AND STOCHASTIC PROCESSES",B
202400494,MA206B1,"PROBABILITY, STATISTICS AND STOCHASTIC PROCESSES",D
202400498,MA206B1,"PROBABILITY, STATISTICS AND STOCHASTIC PROCESSES",D
202400502,MA206B1,"PROBABILITY, STATISTICS AND STOCHASTIC PROCESSES",D
202400511,MA206B1,"PROBABILITY, STATISTICS AND STOCHASTIC PROCESSES",F
202400514,MA206B1,"PROBABILITY, STATISTICS AND STOCHASTIC PROCESSES",C
202400515,MA206B1,"PROBABILITY, STATISTICS AND STOCHASTIC PROCESSES",E
202400518,MA206B1,"PROBABILITY, STATISTICS AND STOCHASTIC PROCESSES",C
202400522,MA206B1,"PROBABILITY, STATISTICS AND STOCHASTIC PROCESSES",B
202400526,MA206B1,"PROBABILITY, STATISTICS AND STOCHASTIC PROCESSES",D
202400527,MA206B1,"PROBABILITY, STATISTICS AND STOCHASTIC PROCESSES",D
202400529,MA206B1,"PROBABILITY, STATISTICS AND STOCHASTIC PROCESSES",E
202400531,MA206B1,"PROBABILITY, STATISTICS AND STOCHASTIC PROCESSES",A
202400539,MA206B1,"PROBABILITY, STATISTICS AND STOCHASTIC PROCESSES",D
202400541,MA206B1,"PROBABILITY, STATISTICS AND STOCHASTIC PROCESSES",E
202400542,MA206B1,"PROBABILITY, STATISTICS AND STOCHASTIC PROCESSES",B
202400546,MA206B1,"PROBABILITY, STATISTICS AND STOCHASTIC PROCESSES",S
202400547,MA206B1,"PROBABILITY, STATISTICS AND STOCHASTIC PROCESSES",F
202400550,MA206B1,"PROBABILITY, STATISTICS AND STOCHASTIC PROCESSES",C
202400551,MA206B1,"PROBABILITY, STATISTICS AND STOCHASTIC PROCESSES",D
202400552,MA206B1,"PROBABILITY, STATISTICS AND STOCHASTIC PROCESSES",D
202400558,MA206B1,"PROBABILITY, STATISTICS AND STOCHASTIC PROCESSES",D
202400562,MA206B1,"PROBABILITY, STATISTICS AND STOCHASTIC PROCESSES",E
202400565,MA206B1,"PROBABILITY, STATISTICS AND STOCHASTIC PROCESSES",B
202400568,MA206B1,"PROBABILITY, STATISTICS AND STOCHASTIC PROCESSES",C
202400569,MA206B1,"PROBABILITY, STATISTICS AND STOCHASTIC PROCESSES",D
202400703,MA206B1,"PROBABILITY, STATISTICS AND STOCHASTIC PROCESSES",D
202400706,MA206B1,"PROBABILITY, STATISTICS AND STOCHASTIC PROCESSES",B
202400710,MA206B1,"PROBABILITY, STATISTICS AND STOCHASTIC PROCESSES",F
202400715,MA206B1,"PROBABILITY, STATISTICS AND STOCHASTIC PROCESSES",A
202400716,MA206B1,"PROBABILITY, STATISTICS AND STOCHASTIC PROCESSES",A
202400720,MA206B1,"PROBABILITY, STATISTICS AND STOCHASTIC PROCESSES",B
202400722,MA206B1,"PROBABILITY, STATISTICS AND STOCHASTIC PROCESSES",A
202400725,MA206B1,"PROBABILITY, STATISTICS AND STOCHASTIC PROCESSES",C
202400726,MA206B1,"PROBABILITY, STATISTICS AND STOCHASTIC PROCESSES",C
202400729,MA206B1,"PROBABILITY, STATISTICS AND STOCHASTIC PROCESSES",F
202400731,MA206B1,"PROBABILITY, STATISTICS AND STOCHASTIC PROCESSES",C
202400733,MA206B1,"PROBABILITY, STATISTICS AND STOCHASTIC PROCESSES",S
202400737,MA206B1,"PROBABILITY, STATISTICS AND STOCHASTIC PROCESSES",B
202400739,MA206B1,"PROBABILITY, STATISTICS AND STOCHASTIC PROCESSES",D
202400741,MA206B1,"PROBABILITY, STATISTICS AND STOCHASTIC PROCESSES",B
202400744,MA206B1,"PROBABILITY, STATISTICS AND STOCHASTIC PROCESSES",A
202400745,MA206B1,"PROBABILITY, STATISTICS AND STOCHASTIC PROCESSES",D
202400749,MA206B1,"PROBABILITY, STATISTICS AND STOCHASTIC PROCESSES",E
202400751,MA206B1,"PROBABILITY, STATISTICS AND STOCHASTIC PROCESSES",C
202400753,MA206B1,"PROBABILITY, STATISTICS AND STOCHASTIC PROCESSES",D
202400755,MA206B1,"PROBABILITY, STATISTICS AND STOCHASTIC PROCESSES",E
202400756,MA206B1,"PROBABILITY, STATISTICS AND STOCHASTIC PROCESSES",E
202400760,MA206B1,"PROBABILITY, STATISTICS AND STOCHASTIC PROCESSES",F
202400762,MA206B1,"PROBABILITY, STATISTICS AND STOCHASTIC PROCESSES",E
202400764,MA206B1,"PROBABILITY, STATISTICS AND STOCHASTIC PROCESSES",B
202400768,MA206B1,"PROBABILITY, STATISTICS AND STOCHASTIC PROCESSES",E
202400769,MA206B1,"PROBABILITY, STATISTICS AND STOCHASTIC PROCESSES",E
202511501,MA206B1,"PROBABILITY, STATISTICS AND STOCHASTIC PROCESSES",D
202511504,MA206B1,"PROBABILITY, STATISTICS AND STOCHASTIC PROCESSES",F
202511505,MA206B1,"PROBABILITY, STATISTICS AND STOCHASTIC PROCESSES",F
202511542,MA206B1,"PROBABILITY, STATISTICS AND STOCHASTIC PROCESSES",F
202511545,MA206B1,"PROBABILITY, STATISTICS AND STOCHASTIC PROCESSES",E
202000027,MA206B1,"PROBABILITY, STATISTICS AND STOCHASTIC PROCESSES",F
202000491,MA206B1,"PROBABILITY, STATISTICS AND STOCHASTIC PROCESSES",F
202100333,MA206B1,"PROBABILITY, STATISTICS AND STOCHASTIC PROCESSES",C
202100537,MA206B1,"PROBABILITY, STATISTICS AND STOCHASTIC PROCESSES",F
202100557,MA206B1,"PROBABILITY, STATISTICS AND STOCHASTIC PROCESSES",F
202100561,MA206B1,"PROBABILITY, STATISTICS AND STOCHASTIC PROCESSES",F
202300586,MA206B1,"PROBABILITY, STATISTICS AND STOCHASTIC PROCESSES",C
202400001,MA206B1,"PROBABILITY, STATISTICS AND STOCHASTIC PROCESSES",F
202400005,MA206B1,"PROBABILITY, STATISTICS AND STOCHASTIC PROCESSES",E
202400018,MA206B1,"PROBABILITY, STATISTICS AND STOCHASTIC PROCESSES",A
202400020,MA206B1,"PROBABILITY, STATISTICS AND STOCHASTIC PROCESSES",A
202400033,MA206B1,"PROBABILITY, STATISTICS AND STOCHASTIC PROCESSES",B
202400044,MA206B1,"PROBABILITY, STATISTICS AND STOCHASTIC PROCESSES",F
202400045,MA206B1,"PROBABILITY, STATISTICS AND STOCHASTIC PROCESSES",B
202400056,MA206B1,"PROBABILITY, STATISTICS AND STOCHASTIC PROCESSES",A
202400074,MA206B1,"PROBABILITY, STATISTICS AND STOCHASTIC PROCESSES",A
202400076,MA206B1,"PROBABILITY, STATISTICS AND STOCHASTIC PROCESSES",F
202400077,MA206B1,"PROBABILITY, STATISTICS AND STOCHASTIC PROCESSES",F
202400096,MA206B1,"PROBABILITY, STATISTICS AND STOCHASTIC PROCESSES",D
202400120,MA206B1,"PROBABILITY, STATISTICS AND STOCHASTIC PROCESSES",B
202400127,MA206B1,"PROBABILITY, STATISTICS AND STOCHASTIC PROCESSES",B
202400132,MA206B1,"PROBABILITY, STATISTICS AND STOCHASTIC PROCESSES",D
202400136,MA206B1,"PROBABILITY, STATISTICS AND STOCHASTIC PROCESSES",F
202400138,MA206B1,"PROBABILITY, STATISTICS AND STOCHASTIC PROCESSES",C
202400181,MA206B1,"PROBABILITY, STATISTICS AND STOCHASTIC PROCESSES",B
202400186,MA206B1,"PROBABILITY, STATISTICS AND STOCHASTIC PROCESSES",D
202400193,MA206B1,"PROBABILITY, STATISTICS AND STOCHASTIC PROCESSES",S
202400201,MA206B1,"PROBABILITY, STATISTICS AND STOCHASTIC PROCESSES",A
202400219,MA206B1,"PROBABILITY, STATISTICS AND STOCHASTIC PROCESSES",F
202400223,MA206B1,"PROBABILITY, STATISTICS AND STOCHASTIC PROCESSES",B
202400234,MA206B1,"PROBABILITY, STATISTICS AND STOCHASTIC PROCESSES",A
202400251,MA206B1,"PROBABILITY, STATISTICS AND STOCHASTIC PROCESSES",C
202400258,MA206B1,"PROBABILITY, STATISTICS AND STOCHASTIC PROCESSES",A
202400269,MA206B1,"PROBABILITY, STATISTICS AND STOCHASTIC PROCESSES",B
202400271,MA206B1,"PROBABILITY, STATISTICS AND STOCHASTIC PROCESSES",F
202400291,MA206B1,"PROBABILITY, STATISTICS AND STOCHASTIC PROCESSES",A
202400297,MA206B1,"PROBABILITY, STATISTICS AND STOCHASTIC PROCESSES",C
202400302,MA206B1,"PROBABILITY, STATISTICS AND STOCHASTIC PROCESSES",E
202400309,MA206B1,"PROBABILITY, STATISTICS AND STOCHASTIC PROCESSES",F
202400318,MA206B1,"PROBABILITY, STATISTICS AND STOCHASTIC PROCESSES",C
202400344,MA206B1,"PROBABILITY, STATISTICS AND STOCHASTIC PROCESSES",F
202400350,MA206B1,"PROBABILITY, STATISTICS AND STOCHASTIC PROCESSES",A
202400355,MA206B1,"PROBABILITY, STATISTICS AND STOCHASTIC PROCESSES",C
202400372,MA206B1,"PROBABILITY, STATISTICS AND STOCHASTIC PROCESSES",B
202400390,MA206B1,"PROBABILITY, STATISTICS AND STOCHASTIC PROCESSES",E
202400400,MA206B1,"PROBABILITY, STATISTICS AND STOCHASTIC PROCESSES",D
202400405,MA206B1,"PROBABILITY, STATISTICS AND STOCHASTIC PROCESSES",F
202400407,MA206B1,"PROBABILITY, STATISTICS AND STOCHASTIC PROCESSES",C
202400408,MA206B1,"PROBABILITY, STATISTICS AND STOCHASTIC PROCESSES",E
202400410,MA206B1,"PROBABILITY, STATISTICS AND STOCHASTIC PROCESSES",S
202400417,MA206B1,"PROBABILITY, STATISTICS AND STOCHASTIC PROCESSES",A
202400419,MA206B1,"PROBABILITY, STATISTICS AND STOCHASTIC PROCESSES",F
202400421,MA206B1,"PROBABILITY, STATISTICS AND STOCHASTIC PROCESSES",D
202400427,MA206B1,"PROBABILITY, STATISTICS AND STOCHASTIC PROCESSES",E
202400441,MA206B1,"PROBABILITY, STATISTICS AND STOCHASTIC PROCESSES",A
202400451,MA206B1,"PROBABILITY, STATISTICS AND STOCHASTIC PROCESSES",A
202400456,MA206B1,"PROBABILITY, STATISTICS AND STOCHASTIC PROCESSES",E
202400488,MA206B1,"PROBABILITY, STATISTICS AND STOCHASTIC PROCESSES",C
202400493,MA206B1,"PROBABILITY, STATISTICS AND STOCHASTIC PROCESSES",E
202400508,MA206B1,"PROBABILITY, STATISTICS AND STOCHASTIC PROCESSES",E
202400512,MA206B1,"PROBABILITY, STATISTICS AND STOCHASTIC PROCESSES",D
202400533,MA206B1,"PROBABILITY, STATISTICS AND STOCHASTIC PROCESSES",D
202400548,MA206B1,"PROBABILITY, STATISTICS AND STOCHASTIC PROCESSES",D
202400701,MA206B1,"PROBABILITY, STATISTICS AND STOCHASTIC PROCESSES",D
202400709,MA206B1,"PROBABILITY, STATISTICS AND STOCHASTIC PROCESSES",D
202400717,MA206B1,"PROBABILITY, STATISTICS AND STOCHASTIC PROCESSES",F
202400718,MA206B1,"PROBABILITY, STATISTICS AND STOCHASTIC PROCESSES",E
202400719,MA206B1,"PROBABILITY, STATISTICS AND STOCHASTIC PROCESSES",B
202400730,MA206B1,"PROBABILITY, STATISTICS AND STOCHASTIC PROCESSES",E
202400734,MA206B1,"PROBABILITY, STATISTICS AND STOCHASTIC PROCESSES",D
202400736,MA206B1,"PROBABILITY, STATISTICS AND STOCHASTIC PROCESSES",F
202400738,MA206B1,"PROBABILITY, STATISTICS AND STOCHASTIC PROCESSES",D
202400740,MA206B1,"PROBABILITY, STATISTICS AND STOCHASTIC PROCESSES",F
202400763,MA206B1,"PROBABILITY, STATISTICS AND STOCHASTIC PROCESSES",E
202543501,MA206B1,"PROBABILITY, STATISTICS AND STOCHASTIC PROCESSES",D
202543508,MA206B1,"PROBABILITY, STATISTICS AND STOCHASTIC PROCESSES",F
202543509,MA206B1,"PROBABILITY, STATISTICS AND STOCHASTIC PROCESSES",F
202300439,MA206B1,"PROBABILITY, STATISTICS AND STOCHASTIC PROCESSES",D
202400009,MA206B1,"PROBABILITY, STATISTICS AND STOCHASTIC PROCESSES",S
202400065,MA206B1,"PROBABILITY, STATISTICS AND STOCHASTIC PROCESSES",D
202400101,MA206B1,"PROBABILITY, STATISTICS AND STOCHASTIC PROCESSES",D
202400141,MA206B1,"PROBABILITY, STATISTICS AND STOCHASTIC PROCESSES",D
202400177,MA206B1,"PROBABILITY, STATISTICS AND STOCHASTIC PROCESSES",D
202400235,MA206B1,"PROBABILITY, STATISTICS AND STOCHASTIC PROCESSES",C
202400252,MA206B1,"PROBABILITY, STATISTICS AND STOCHASTIC PROCESSES",D
202400272,MA206B1,"PROBABILITY, STATISTICS AND STOCHASTIC PROCESSES",F
202400274,MA206B1,"PROBABILITY, STATISTICS AND STOCHASTIC PROCESSES",B
202400279,MA206B1,"PROBABILITY, STATISTICS AND STOCHASTIC PROCESSES",F
202400304,MA206B1,"PROBABILITY, STATISTICS AND STOCHASTIC PROCESSES",A
202400320,MA206B1,"PROBABILITY, STATISTICS AND STOCHASTIC PROCESSES",F
202400325,MA206B1,"PROBABILITY, STATISTICS AND STOCHASTIC PROCESSES",E
202400327,MA206B1,"PROBABILITY, STATISTICS AND STOCHASTIC PROCESSES",C
202400343,MA206B1,"PROBABILITY, STATISTICS AND STOCHASTIC PROCESSES",F
202400380,MA206B1,"PROBABILITY, STATISTICS AND STOCHASTIC PROCESSES",B
202400445,MA206B1,"PROBABILITY, STATISTICS AND STOCHASTIC PROCESSES",A
202400705,MA206B1,"PROBABILITY, STATISTICS AND STOCHASTIC PROCESSES",F
202542502,MA206B1,"PROBABILITY, STATISTICS AND STOCHASTIC PROCESSES",F
202542503,MA206B1,"PROBABILITY, STATISTICS AND STOCHASTIC PROCESSES",F
202542504,MA206B1,"PROBABILITY, STATISTICS AND STOCHASTIC PROCESSES",F
202542505,MA206B1,"PROBABILITY, STATISTICS AND STOCHASTIC PROCESSES",F
202400221,MA206B1,"PROBABILITY, STATISTICS AND STOCHASTIC PROCESSES",B
202400530,MA206B1,"PROBABILITY, STATISTICS AND STOCHASTIC PROCESSES",F
202400566,MA206B1,"PROBABILITY, STATISTICS AND STOCHASTIC PROCESSES",C
202400574,MA206B1,"PROBABILITY, STATISTICS AND STOCHASTIC PROCESSES",E
202400167,MA206B1,"PROBABILITY, STATISTICS AND STOCHASTIC PROCESSES",F
202400174,MA206B1,"PROBABILITY, STATISTICS AND STOCHASTIC PROCESSES",F
202400255,MA206B1,"PROBABILITY, STATISTICS AND STOCHASTIC PROCESSES",E
202400358,MA206B1,"PROBABILITY, STATISTICS AND STOCHASTIC PROCESSES",B
202400384,MA206B1,"PROBABILITY, STATISTICS AND STOCHASTIC PROCESSES",B
202400389,MA206B1,"PROBABILITY, STATISTICS AND STOCHASTIC PROCESSES",F
202400392,MA206B1,"PROBABILITY, STATISTICS AND STOCHASTIC PROCESSES",F
202400393,MA206B1,"PROBABILITY, STATISTICS AND STOCHASTIC PROCESSES",F
202400398,MA206B1,"PROBABILITY, STATISTICS AND STOCHASTIC PROCESSES",D
202400505,MA206B1,"PROBABILITY, STATISTICS AND STOCHASTIC PROCESSES",C
202400754,MA206B1,"PROBABILITY, STATISTICS AND STOCHASTIC PROCESSES",E
202400761,MA206B1,"PROBABILITY, STATISTICS AND STOCHASTIC PROCESSES",C
202400007,MA206B1,"PROBABILITY, STATISTICS AND STOCHASTIC PROCESSES",F
202400021,MA206B1,"PROBABILITY, STATISTICS AND STOCHASTIC PROCESSES",A
202400029,MA206B1,"PROBABILITY, STATISTICS AND STOCHASTIC PROCESSES",F
202400034,MA206B1,"PROBABILITY, STATISTICS AND STOCHASTIC PROCESSES",C
202400052,MA206B1,"PROBABILITY, STATISTICS AND STOCHASTIC PROCESSES",D
202400102,MA206B1,"PROBABILITY, STATISTICS AND STOCHASTIC PROCESSES",F
202400113,MA206B1,"PROBABILITY, STATISTICS AND STOCHASTIC PROCESSES",F
202400130,MA206B1,"PROBABILITY, STATISTICS AND STOCHASTIC PROCESSES",F
202400168,MA206B1,"PROBABILITY, STATISTICS AND STOCHASTIC PROCESSES",D
202400195,MA206B1,"PROBABILITY, STATISTICS AND STOCHASTIC PROCESSES",S
202400198,MA206B1,"PROBABILITY, STATISTICS AND STOCHASTIC PROCESSES",C
202400240,MA206B1,"PROBABILITY, STATISTICS AND STOCHASTIC PROCESSES",B
202400241,MA206B1,"PROBABILITY, STATISTICS AND STOCHASTIC PROCESSES",E
202400246,MA206B1,"PROBABILITY, STATISTICS AND STOCHASTIC PROCESSES",D
202400250,MA206B1,"PROBABILITY, STATISTICS AND STOCHASTIC PROCESSES",C
202400262,MA206B1,"PROBABILITY, STATISTICS AND STOCHASTIC PROCESSES",C
202400264,MA206B1,"PROBABILITY, STATISTICS AND STOCHASTIC PROCESSES",C
202400265,MA206B1,"PROBABILITY, STATISTICS AND STOCHASTIC PROCESSES",F
202400289,MA206B1,"PROBABILITY, STATISTICS AND STOCHASTIC PROCESSES",D
202400303,MA206B1,"PROBABILITY, STATISTICS AND STOCHASTIC PROCESSES",A
202400311,MA206B1,"PROBABILITY, STATISTICS AND STOCHASTIC PROCESSES",B
202400313,MA206B1,"PROBABILITY, STATISTICS AND STOCHASTIC PROCESSES",D
202400314,MA206B1,"PROBABILITY, STATISTICS AND STOCHASTIC PROCESSES",B
202400324,MA206B1,"PROBABILITY, STATISTICS AND STOCHASTIC PROCESSES",F
202400333,MA206B1,"PROBABILITY, STATISTICS AND STOCHASTIC PROCESSES",S
202400340,MA206B1,"PROBABILITY, STATISTICS AND STOCHASTIC PROCESSES",C
202400341,MA206B1,"PROBABILITY, STATISTICS AND STOCHASTIC PROCESSES",D
202400351,MA206B1,"PROBABILITY, STATISTICS AND STOCHASTIC PROCESSES",F
202400374,MA206B1,"PROBABILITY, STATISTICS AND STOCHASTIC PROCESSES",F
202400381,MA206B1,"PROBABILITY, STATISTICS AND STOCHASTIC PROCESSES",B
202400385,MA206B1,"PROBABILITY, STATISTICS AND STOCHASTIC PROCESSES",A
202400416,MA206B1,"PROBABILITY, STATISTICS AND STOCHASTIC PROCESSES",B
202400443,MA206B1,"PROBABILITY, STATISTICS AND STOCHASTIC PROCESSES",D
202400462,MA206B1,"PROBABILITY, STATISTICS AND STOCHASTIC PROCESSES",F
202400467,MA206B1,"PROBABILITY, STATISTICS AND STOCHASTIC PROCESSES",C
202400470,MA206B1,"PROBABILITY, STATISTICS AND STOCHASTIC PROCESSES",A
202400474,MA206B1,"PROBABILITY, STATISTICS AND STOCHASTIC PROCESSES",A
202400480,MA206B1,"PROBABILITY, STATISTICS AND STOCHASTIC PROCESSES",E
202400497,MA206B1,"PROBABILITY, STATISTICS AND STOCHASTIC PROCESSES",C
202400500,MA206B1,"PROBABILITY, STATISTICS AND STOCHASTIC PROCESSES",F
202400504,MA206B1,"PROBABILITY, STATISTICS AND STOCHASTIC PROCESSES",F
202400507,MA206B1,"PROBABILITY, STATISTICS AND STOCHASTIC PROCESSES",C
202400510,MA206B1,"PROBABILITY, STATISTICS AND STOCHASTIC PROCESSES",D
202400519,MA206B1,"PROBABILITY, STATISTICS AND STOCHASTIC PROCESSES",E
202400523,MA206B1,"PROBABILITY, STATISTICS AND STOCHASTIC PROCESSES",A
202400535,MA206B1,"PROBABILITY, STATISTICS AND STOCHASTIC PROCESSES",E
202400537,MA206B1,"PROBABILITY, STATISTICS AND STOCHASTIC PROCESSES",E
202400538,MA206B1,"PROBABILITY, STATISTICS AND STOCHASTIC PROCESSES",A
202400543,MA206B1,"PROBABILITY, STATISTICS AND STOCHASTIC PROCESSES",A
202400553,MA206B1,"PROBABILITY, STATISTICS AND STOCHASTIC PROCESSES",E
202400712,MA206B1,"PROBABILITY, STATISTICS AND STOCHASTIC PROCESSES",S
202400759,MA206B1,"PROBABILITY, STATISTICS AND STOCHASTIC PROCESSES",D
202400765,MA206B1,"PROBABILITY, STATISTICS AND STOCHASTIC PROCESSES",S
202400007,CD207A3,PROGRAMMING IN JAVA (ELECTIVE II) (CD207A3),C
202400021,CD207A3,PROGRAMMING IN JAVA (ELECTIVE II) (CD207A3),C
202400034,CD207A3,PROGRAMMING IN JAVA (ELECTIVE II) (CD207A3),C
202400052,CD207A3,PROGRAMMING IN JAVA (ELECTIVE II) (CD207A3),D
202400102,CD207A3,PROGRAMMING IN JAVA (ELECTIVE II) (CD207A3),F
202400113,CD207A3,PROGRAMMING IN JAVA (ELECTIVE II) (CD207A3),D
202400130,CD207A3,PROGRAMMING IN JAVA (ELECTIVE II) (CD207A3),E
202400168,CD207A3,PROGRAMMING IN JAVA (ELECTIVE II) (CD207A3),C
202400195,CD207A3,PROGRAMMING IN JAVA (ELECTIVE II) (CD207A3),A
202400198,CD207A3,PROGRAMMING IN JAVA (ELECTIVE II) (CD207A3),C
202400240,CD207A3,PROGRAMMING IN JAVA (ELECTIVE II) (CD207A3),C
202400241,CD207A3,PROGRAMMING IN JAVA (ELECTIVE II) (CD207A3),D
202400246,CD207A3,PROGRAMMING IN JAVA (ELECTIVE II) (CD207A3),C
202400250,CD207A3,PROGRAMMING IN JAVA (ELECTIVE II) (CD207A3),C
202400262,CD207A3,PROGRAMMING IN JAVA (ELECTIVE II) (CD207A3),C
202400264,CD207A3,PROGRAMMING IN JAVA (ELECTIVE II) (CD207A3),D
202400265,CD207A3,PROGRAMMING IN JAVA (ELECTIVE II) (CD207A3),C
202400289,CD207A3,PROGRAMMING IN JAVA (ELECTIVE II) (CD207A3),D
202400303,CD207A3,PROGRAMMING IN JAVA (ELECTIVE II) (CD207A3),S
202400311,CD207A3,PROGRAMMING IN JAVA (ELECTIVE II) (CD207A3),D
202400313,CD207A3,PROGRAMMING IN JAVA (ELECTIVE II) (CD207A3),D
202400314,CD207A3,PROGRAMMING IN JAVA (ELECTIVE II) (CD207A3),C
202400324,CD207A3,PROGRAMMING IN JAVA (ELECTIVE II) (CD207A3),C
202400333,CD207A3,PROGRAMMING IN JAVA (ELECTIVE II) (CD207A3),B
202400340,CD207A3,PROGRAMMING IN JAVA (ELECTIVE II) (CD207A3),E
202400341,CD207A3,PROGRAMMING IN JAVA (ELECTIVE II) (CD207A3),E
202400351,CD207A3,PROGRAMMING IN JAVA (ELECTIVE II) (CD207A3),D
202400374,CD207A3,PROGRAMMING IN JAVA (ELECTIVE II) (CD207A3),F
202400381,CD207A3,PROGRAMMING IN JAVA (ELECTIVE II) (CD207A3),A
202400385,CD207A3,PROGRAMMING IN JAVA (ELECTIVE II) (CD207A3),B
202400416,CD207A3,PROGRAMMING IN JAVA (ELECTIVE II) (CD207A3),C
202400443,CD207A3,PROGRAMMING IN JAVA (ELECTIVE II) (CD207A3),C
202400462,CD207A3,PROGRAMMING IN JAVA (ELECTIVE II) (CD207A3),F
202400467,CD207A3,PROGRAMMING IN JAVA (ELECTIVE II) (CD207A3),C
202400470,CD207A3,PROGRAMMING IN JAVA (ELECTIVE II) (CD207A3),C
202400474,CD207A3,PROGRAMMING IN JAVA (ELECTIVE II) (CD207A3),B
202400480,CD207A3,PROGRAMMING IN JAVA (ELECTIVE II) (CD207A3),E
202400497,CD207A3,PROGRAMMING IN JAVA (ELECTIVE II) (CD207A3),F
202400500,CD207A3,PROGRAMMING IN JAVA (ELECTIVE II) (CD207A3),B
202400504,CD207A3,PROGRAMMING IN JAVA (ELECTIVE II) (CD207A3),E
202400507,CD207A3,PROGRAMMING IN JAVA (ELECTIVE II) (CD207A3),E
202400510,CD207A3,PROGRAMMING IN JAVA (ELECTIVE II) (CD207A3),D
202400519,CD207A3,PROGRAMMING IN JAVA (ELECTIVE II) (CD207A3),C
202400523,CD207A3,PROGRAMMING IN JAVA (ELECTIVE II) (CD207A3),B
202400535,CD207A3,PROGRAMMING IN JAVA (ELECTIVE II) (CD207A3),D
202400537,CD207A3,PROGRAMMING IN JAVA (ELECTIVE II) (CD207A3),E
202400538,CD207A3,PROGRAMMING IN JAVA (ELECTIVE II) (CD207A3),C
202400543,CD207A3,PROGRAMMING IN JAVA (ELECTIVE II) (CD207A3),E
202400553,CD207A3,PROGRAMMING IN JAVA (ELECTIVE II) (CD207A3),F
202400560,CD207A3,PROGRAMMING IN JAVA (ELECTIVE II) (CD207A3),D
202400712,CD207A3,PROGRAMMING IN JAVA (ELECTIVE II) (CD207A3),B
202400759,CD207A3,PROGRAMMING IN JAVA (ELECTIVE II) (CD207A3),C
202400765,CD207A3,PROGRAMMING IN JAVA (ELECTIVE II) (CD207A3),B
202541503,CD207A3,PROGRAMMING IN JAVA (ELECTIVE II) (CD207A3),D
202400007,CD204A4,DATABASE MANAGEMENT SYSTEMS LAB (CD204A4),B
202400021,CD204A4,DATABASE MANAGEMENT SYSTEMS LAB (CD204A4),B
202400029,CD204A4,DATABASE MANAGEMENT SYSTEMS LAB (CD204A4),D
202400034,CD204A4,DATABASE MANAGEMENT SYSTEMS LAB (CD204A4),A
202400052,CD204A4,DATABASE MANAGEMENT SYSTEMS LAB (CD204A4),B
202400102,CD204A4,DATABASE MANAGEMENT SYSTEMS LAB (CD204A4),C
202400113,CD204A4,DATABASE MANAGEMENT SYSTEMS LAB (CD204A4),B
202400130,CD204A4,DATABASE MANAGEMENT SYSTEMS LAB (CD204A4),C
202400168,CD204A4,DATABASE MANAGEMENT SYSTEMS LAB (CD204A4),A
202400195,CD204A4,DATABASE MANAGEMENT SYSTEMS LAB (CD204A4),S
202400198,CD204A4,DATABASE MANAGEMENT SYSTEMS LAB (CD204A4),A
202400240,CD204A4,DATABASE MANAGEMENT SYSTEMS LAB (CD204A4),B
202400241,CD204A4,DATABASE MANAGEMENT SYSTEMS LAB (CD204A4),B
202400246,CD204A4,DATABASE MANAGEMENT SYSTEMS LAB (CD204A4),E
202400250,CD204A4,DATABASE MANAGEMENT SYSTEMS LAB (CD204A4),A
202400262,CD204A4,DATABASE MANAGEMENT SYSTEMS LAB (CD204A4),A
202400264,CD204A4,DATABASE MANAGEMENT SYSTEMS LAB (CD204A4),B
202400265,CD204A4,DATABASE MANAGEMENT SYSTEMS LAB (CD204A4),D
202400289,CD204A4,DATABASE MANAGEMENT SYSTEMS LAB (CD204A4),C
202400303,CD204A4,DATABASE MANAGEMENT SYSTEMS LAB (CD204A4),S
202400311,CD204A4,DATABASE MANAGEMENT SYSTEMS LAB (CD204A4),A
202400313,CD204A4,DATABASE MANAGEMENT SYSTEMS LAB (CD204A4),D
202400314,CD204A4,DATABASE MANAGEMENT SYSTEMS LAB (CD204A4),B
202400324,CD204A4,DATABASE MANAGEMENT SYSTEMS LAB (CD204A4),S
202400333,CD204A4,DATABASE MANAGEMENT SYSTEMS LAB (CD204A4),A
202400340,CD204A4,DATABASE MANAGEMENT SYSTEMS LAB (CD204A4),C
202400341,CD204A4,DATABASE MANAGEMENT SYSTEMS LAB (CD204A4),D
202400351,CD204A4,DATABASE MANAGEMENT SYSTEMS LAB (CD204A4),C
202400374,CD204A4,DATABASE MANAGEMENT SYSTEMS LAB (CD204A4),D
202400381,CD204A4,DATABASE MANAGEMENT SYSTEMS LAB (CD204A4),B
202400385,CD204A4,DATABASE MANAGEMENT SYSTEMS LAB (CD204A4),S
202400416,CD204A4,DATABASE MANAGEMENT SYSTEMS LAB (CD204A4),A
202400443,CD204A4,DATABASE MANAGEMENT SYSTEMS LAB (CD204A4),B
202400462,CD204A4,DATABASE MANAGEMENT SYSTEMS LAB (CD204A4),D
202400467,CD204A4,DATABASE MANAGEMENT SYSTEMS LAB (CD204A4),C
202400470,CD204A4,DATABASE MANAGEMENT SYSTEMS LAB (CD204A4),A
202400474,CD204A4,DATABASE MANAGEMENT SYSTEMS LAB (CD204A4),A
202400480,CD204A4,DATABASE MANAGEMENT SYSTEMS LAB (CD204A4),C
202400497,CD204A4,DATABASE MANAGEMENT SYSTEMS LAB (CD204A4),E
202400500,CD204A4,DATABASE MANAGEMENT SYSTEMS LAB (CD204A4),C
202400504,CD204A4,DATABASE MANAGEMENT SYSTEMS LAB (CD204A4),A
202400507,CD204A4,DATABASE MANAGEMENT SYSTEMS LAB (CD204A4),B
202400510,CD204A4,DATABASE MANAGEMENT SYSTEMS LAB (CD204A4),A
202400519,CD204A4,DATABASE MANAGEMENT SYSTEMS LAB (CD204A4),B
202400523,CD204A4,DATABASE MANAGEMENT SYSTEMS LAB (CD204A4),S
202400535,CD204A4,DATABASE MANAGEMENT SYSTEMS LAB (CD204A4),B
202400537,CD204A4,DATABASE MANAGEMENT SYSTEMS LAB (CD204A4),C
202400538,CD204A4,DATABASE MANAGEMENT SYSTEMS LAB (CD204A4),B
202400543,CD204A4,DATABASE MANAGEMENT SYSTEMS LAB (CD204A4),A
202400553,CD204A4,DATABASE MANAGEMENT SYSTEMS LAB (CD204A4),D
202400560,CD204A4,DATABASE MANAGEMENT SYSTEMS LAB (CD204A4),D
202400712,CD204A4,DATABASE MANAGEMENT SYSTEMS LAB (CD204A4),B
202400759,CD204A4,DATABASE MANAGEMENT SYSTEMS LAB (CD204A4),C
202400765,CD204A4,DATABASE MANAGEMENT SYSTEMS LAB (CD204A4),S
202541503,CD204A4,DATABASE MANAGEMENT SYSTEMS LAB (CD204A4),C
202300270,IT220A2,INTRODUCTION TO CYBER SECURITY (OPEN ELECTIVE) (IT220A2),D
202400024,IT220A2,INTRODUCTION TO CYBER SECURITY (OPEN ELECTIVE) (IT220A2),A
202400079,IT220A2,INTRODUCTION TO CYBER SECURITY (OPEN ELECTIVE) (IT220A2),A
202400137,IT220A2,INTRODUCTION TO CYBER SECURITY (OPEN ELECTIVE) (IT220A2),B
202400150,IT220A2,INTRODUCTION TO CYBER SECURITY (OPEN ELECTIVE) (IT220A2),A
202400161,IT220A2,INTRODUCTION TO CYBER SECURITY (OPEN ELECTIVE) (IT220A2),B
202400164,IT220A2,INTRODUCTION TO CYBER SECURITY (OPEN ELECTIVE) (IT220A2),A
202400214,IT220A2,INTRODUCTION TO CYBER SECURITY (OPEN ELECTIVE) (IT220A2),A
202400239,IT220A2,INTRODUCTION TO CYBER SECURITY (OPEN ELECTIVE) (IT220A2),A
202400245,IT220A2,INTRODUCTION TO CYBER SECURITY (OPEN ELECTIVE) (IT220A2),S
202400268,IT220A2,INTRODUCTION TO CYBER SECURITY (OPEN ELECTIVE) (IT220A2),A
202400276,IT220A2,INTRODUCTION TO CYBER SECURITY (OPEN ELECTIVE) (IT220A2),B
202400354,IT220A2,INTRODUCTION TO CYBER SECURITY (OPEN ELECTIVE) (IT220A2),A
202400359,IT220A2,INTRODUCTION TO CYBER SECURITY (OPEN ELECTIVE) (IT220A2),B
202400382,IT220A2,INTRODUCTION TO CYBER SECURITY (OPEN ELECTIVE) (IT220A2),A
202400387,IT220A2,INTRODUCTION TO CYBER SECURITY (OPEN ELECTIVE) (IT220A2),C
202400433,IT220A2,INTRODUCTION TO CYBER SECURITY (OPEN ELECTIVE) (IT220A2),B
202400518,IT220A2,INTRODUCTION TO CYBER SECURITY (OPEN ELECTIVE) (IT220A2),C
202400526,IT220A2,INTRODUCTION TO CYBER SECURITY (OPEN ELECTIVE) (IT220A2),B
202400706,IT220A2,INTRODUCTION TO CYBER SECURITY (OPEN ELECTIVE) (IT220A2),A
202400726,IT220A2,INTRODUCTION TO CYBER SECURITY (OPEN ELECTIVE) (IT220A2),B
202400729,IT220A2,INTRODUCTION TO CYBER SECURITY (OPEN ELECTIVE) (IT220A2),A
202400731,IT220A2,INTRODUCTION TO CYBER SECURITY (OPEN ELECTIVE) (IT220A2),B
202400751,IT220A2,INTRODUCTION TO CYBER SECURITY (OPEN ELECTIVE) (IT220A2),B
202400020,IT220A2,INTRODUCTION TO CYBER SECURITY (OPEN ELECTIVE) (IT220A2),A
202400033,IT220A2,INTRODUCTION TO CYBER SECURITY (OPEN ELECTIVE) (IT220A2),A
202400045,IT220A2,INTRODUCTION TO CYBER SECURITY (OPEN ELECTIVE) (IT220A2),A
202400074,IT220A2,INTRODUCTION TO CYBER SECURITY (OPEN ELECTIVE) (IT220A2),A
202400096,IT220A2,INTRODUCTION TO CYBER SECURITY (OPEN ELECTIVE) (IT220A2),B
202400120,IT220A2,INTRODUCTION TO CYBER SECURITY (OPEN ELECTIVE) (IT220A2),A
202400127,IT220A2,INTRODUCTION TO CYBER SECURITY (OPEN ELECTIVE) (IT220A2),S
202400181,IT220A2,INTRODUCTION TO CYBER SECURITY (OPEN ELECTIVE) (IT220A2),B
202400223,IT220A2,INTRODUCTION TO CYBER SECURITY (OPEN ELECTIVE) (IT220A2),A
202400234,IT220A2,INTRODUCTION TO CYBER SECURITY (OPEN ELECTIVE) (IT220A2),C
202400318,IT220A2,INTRODUCTION TO CYBER SECURITY (OPEN ELECTIVE) (IT220A2),A
202400410,IT220A2,INTRODUCTION TO CYBER SECURITY (OPEN ELECTIVE) (IT220A2),S
202400427,IT220A2,INTRODUCTION TO CYBER SECURITY (OPEN ELECTIVE) (IT220A2),C
202400701,IT220A2,INTRODUCTION TO CYBER SECURITY (OPEN ELECTIVE) (IT220A2),B
202400221,IT220A2,INTRODUCTION TO CYBER SECURITY (OPEN ELECTIVE) (IT220A2),A
202400574,IT220A2,INTRODUCTION TO CYBER SECURITY (OPEN ELECTIVE) (IT220A2),B
202400358,IT220A2,INTRODUCTION TO CYBER SECURITY (OPEN ELECTIVE) (IT220A2),A
202400384,IT220A2,INTRODUCTION TO CYBER SECURITY (OPEN ELECTIVE) (IT220A2),A
202400389,IT220A2,INTRODUCTION TO CYBER SECURITY (OPEN ELECTIVE) (IT220A2),D
202400392,IT220A2,INTRODUCTION TO CYBER SECURITY (OPEN ELECTIVE) (IT220A2),D
202400398,IT220A2,INTRODUCTION TO CYBER SECURITY (OPEN ELECTIVE) (IT220A2),B
202400761,IT220A2,INTRODUCTION TO CYBER SECURITY (OPEN ELECTIVE) (IT220A2),B
202400007,IT220A2,INTRODUCTION TO CYBER SECURITY (OPEN ELECTIVE) (IT220A2),B
202400168,IT220A2,INTRODUCTION TO CYBER SECURITY (OPEN ELECTIVE) (IT220A2),A
202400198,IT220A2,INTRODUCTION TO CYBER SECURITY (OPEN ELECTIVE) (IT220A2),A
202400240,IT220A2,INTRODUCTION TO CYBER SECURITY (OPEN ELECTIVE) (IT220A2),A
202400250,IT220A2,INTRODUCTION TO CYBER SECURITY (OPEN ELECTIVE) (IT220A2),B
202400262,IT220A2,INTRODUCTION TO CYBER SECURITY (OPEN ELECTIVE) (IT220A2),B
202400303,IT220A2,INTRODUCTION TO CYBER SECURITY (OPEN ELECTIVE) (IT220A2),S
202400311,IT220A2,INTRODUCTION TO CYBER SECURITY (OPEN ELECTIVE) (IT220A2),C
202400324,IT220A2,INTRODUCTION TO CYBER SECURITY (OPEN ELECTIVE) (IT220A2),B
202400333,IT220A2,INTRODUCTION TO CYBER SECURITY (OPEN ELECTIVE) (IT220A2),B
202400351,IT220A2,INTRODUCTION TO CYBER SECURITY (OPEN ELECTIVE) (IT220A2),B
202400500,IT220A2,INTRODUCTION TO CYBER SECURITY (OPEN ELECTIVE) (IT220A2),C
202400538,IT220A2,INTRODUCTION TO CYBER SECURITY (OPEN ELECTIVE) (IT220A2),A
202400543,IT220A2,INTRODUCTION TO CYBER SECURITY (OPEN ELECTIVE) (IT220A2),B
202400759,IT220A2,INTRODUCTION TO CYBER SECURITY (OPEN ELECTIVE) (IT220A2),C
202400765,IT220A2,INTRODUCTION TO CYBER SECURITY (OPEN ELECTIVE) (IT220A2),A
202300270,GN201B1,UNIVERSAL HUMAN VALUE II (GN201B1),E
202400006,GN201B1,UNIVERSAL HUMAN VALUE II (GN201B1),C
202400013,GN201B1,UNIVERSAL HUMAN VALUE II (GN201B1),C
202400015,GN201B1,UNIVERSAL HUMAN VALUE II (GN201B1),B
202400023,GN201B1,UNIVERSAL HUMAN VALUE II (GN201B1),D
202400024,GN201B1,UNIVERSAL HUMAN VALUE II (GN201B1),B
202400026,GN201B1,UNIVERSAL HUMAN VALUE II (GN201B1),C
202400027,GN201B1,UNIVERSAL HUMAN VALUE II (GN201B1),A
202400032,GN201B1,UNIVERSAL HUMAN VALUE II (GN201B1),B
202400042,GN201B1,UNIVERSAL HUMAN VALUE II (GN201B1),A
202400048,GN201B1,UNIVERSAL HUMAN VALUE II (GN201B1),B
202400050,GN201B1,UNIVERSAL HUMAN VALUE II (GN201B1),C
202400051,GN201B1,UNIVERSAL HUMAN VALUE II (GN201B1),C
202400060,GN201B1,UNIVERSAL HUMAN VALUE II (GN201B1),C
202400063,GN201B1,UNIVERSAL HUMAN VALUE II (GN201B1),C
202400079,GN201B1,UNIVERSAL HUMAN VALUE II (GN201B1),B
202400084,GN201B1,UNIVERSAL HUMAN VALUE II (GN201B1),B
202400099,GN201B1,UNIVERSAL HUMAN VALUE II (GN201B1),C
202400104,GN201B1,UNIVERSAL HUMAN VALUE II (GN201B1),B
202400105,GN201B1,UNIVERSAL HUMAN VALUE II (GN201B1),B
202400108,GN201B1,UNIVERSAL HUMAN VALUE II (GN201B1),B
202400109,GN201B1,UNIVERSAL HUMAN VALUE II (GN201B1),S
202400111,GN201B1,UNIVERSAL HUMAN VALUE II (GN201B1),A
202400117,GN201B1,UNIVERSAL HUMAN VALUE II (GN201B1),A
202400123,GN201B1,UNIVERSAL HUMAN VALUE II (GN201B1),B
202400126,GN201B1,UNIVERSAL HUMAN VALUE II (GN201B1),C
202400137,GN201B1,UNIVERSAL HUMAN VALUE II (GN201B1),B
202400150,GN201B1,UNIVERSAL HUMAN VALUE II (GN201B1),C
202400161,GN201B1,UNIVERSAL HUMAN VALUE II (GN201B1),B
202400162,GN201B1,UNIVERSAL HUMAN VALUE II (GN201B1),C
202400164,GN201B1,UNIVERSAL HUMAN VALUE II (GN201B1),A
202400173,GN201B1,UNIVERSAL HUMAN VALUE II (GN201B1),C
202400175,GN201B1,UNIVERSAL HUMAN VALUE II (GN201B1),B
202400178,GN201B1,UNIVERSAL HUMAN VALUE II (GN201B1),C
202400179,GN201B1,UNIVERSAL HUMAN VALUE II (GN201B1),D
202400180,GN201B1,UNIVERSAL HUMAN VALUE II (GN201B1),B
202400183,GN201B1,UNIVERSAL HUMAN VALUE II (GN201B1),C
202400187,GN201B1,UNIVERSAL HUMAN VALUE II (GN201B1),D
202400191,GN201B1,UNIVERSAL HUMAN VALUE II (GN201B1),C
202400203,GN201B1,UNIVERSAL HUMAN VALUE II (GN201B1),C
202400204,GN201B1,UNIVERSAL HUMAN VALUE II (GN201B1),D
202400210,GN201B1,UNIVERSAL HUMAN VALUE II (GN201B1),C
202400211,GN201B1,UNIVERSAL HUMAN VALUE II (GN201B1),C
202400212,GN201B1,UNIVERSAL HUMAN VALUE II (GN201B1),B
202400214,GN201B1,UNIVERSAL HUMAN VALUE II (GN201B1),A
202400217,GN201B1,UNIVERSAL HUMAN VALUE II (GN201B1),A
202400230,GN201B1,UNIVERSAL HUMAN VALUE II (GN201B1),D
202400232,GN201B1,UNIVERSAL HUMAN VALUE II (GN201B1),B
202400233,GN201B1,UNIVERSAL HUMAN VALUE II (GN201B1),B
202400239,GN201B1,UNIVERSAL HUMAN VALUE II (GN201B1),B
202400243,GN201B1,UNIVERSAL HUMAN VALUE II (GN201B1),S
202400245,GN201B1,UNIVERSAL HUMAN VALUE II (GN201B1),B
202400249,GN201B1,UNIVERSAL HUMAN VALUE II (GN201B1),C
202400254,GN201B1,UNIVERSAL HUMAN VALUE II (GN201B1),B
202400256,GN201B1,UNIVERSAL HUMAN VALUE II (GN201B1),B
202400260,GN201B1,UNIVERSAL HUMAN VALUE II (GN201B1),C
202400261,GN201B1,UNIVERSAL HUMAN VALUE II (GN201B1),C
202400263,GN201B1,UNIVERSAL HUMAN VALUE II (GN201B1),D
202400266,GN201B1,UNIVERSAL HUMAN VALUE II (GN201B1),B
202400267,GN201B1,UNIVERSAL HUMAN VALUE II (GN201B1),C
202400268,GN201B1,UNIVERSAL HUMAN VALUE II (GN201B1),B
202400276,GN201B1,UNIVERSAL HUMAN VALUE II (GN201B1),C
202400277,GN201B1,UNIVERSAL HUMAN VALUE II (GN201B1),C
202400282,GN201B1,UNIVERSAL HUMAN VALUE II (GN201B1),C
202400284,GN201B1,UNIVERSAL HUMAN VALUE II (GN201B1),C
202400288,GN201B1,UNIVERSAL HUMAN VALUE II (GN201B1),C
202400293,GN201B1,UNIVERSAL HUMAN VALUE II (GN201B1),B
202400301,GN201B1,UNIVERSAL HUMAN VALUE II (GN201B1),D
202400316,GN201B1,UNIVERSAL HUMAN VALUE II (GN201B1),C
202400319,GN201B1,UNIVERSAL HUMAN VALUE II (GN201B1),F
202400329,GN201B1,UNIVERSAL HUMAN VALUE II (GN201B1),C
202400335,GN201B1,UNIVERSAL HUMAN VALUE II (GN201B1),C
202400345,GN201B1,UNIVERSAL HUMAN VALUE II (GN201B1),D
202400347,GN201B1,UNIVERSAL HUMAN VALUE II (GN201B1),C
202400348,GN201B1,UNIVERSAL HUMAN VALUE II (GN201B1),C
202400349,GN201B1,UNIVERSAL HUMAN VALUE II (GN201B1),C
202400354,GN201B1,UNIVERSAL HUMAN VALUE II (GN201B1),A
202400359,GN201B1,UNIVERSAL HUMAN VALUE II (GN201B1),D
202400365,GN201B1,UNIVERSAL HUMAN VALUE II (GN201B1),C
202400368,GN201B1,UNIVERSAL HUMAN VALUE II (GN201B1),B
202400373,GN201B1,UNIVERSAL HUMAN VALUE II (GN201B1),B
202400375,GN201B1,UNIVERSAL HUMAN VALUE II (GN201B1),B
202400376,GN201B1,UNIVERSAL HUMAN VALUE II (GN201B1),C
202400377,GN201B1,UNIVERSAL HUMAN VALUE II (GN201B1),A
202400378,GN201B1,UNIVERSAL HUMAN VALUE II (GN201B1),C
202400382,GN201B1,UNIVERSAL HUMAN VALUE II (GN201B1),B
202400387,GN201B1,UNIVERSAL HUMAN VALUE II (GN201B1),D
202400391,GN201B1,UNIVERSAL HUMAN VALUE II (GN201B1),D
202400401,GN201B1,UNIVERSAL HUMAN VALUE II (GN201B1),C
202400404,GN201B1,UNIVERSAL HUMAN VALUE II (GN201B1),B
202400406,GN201B1,UNIVERSAL HUMAN VALUE II (GN201B1),A
202400411,GN201B1,UNIVERSAL HUMAN VALUE II (GN201B1),C
202400412,GN201B1,UNIVERSAL HUMAN VALUE II (GN201B1),D
202400420,GN201B1,UNIVERSAL HUMAN VALUE II (GN201B1),D
202400429,GN201B1,UNIVERSAL HUMAN VALUE II (GN201B1),C
202400430,GN201B1,UNIVERSAL HUMAN VALUE II (GN201B1),C
202400431,GN201B1,UNIVERSAL HUMAN VALUE II (GN201B1),C
202400433,GN201B1,UNIVERSAL HUMAN VALUE II (GN201B1),B
202400436,GN201B1,UNIVERSAL HUMAN VALUE II (GN201B1),C
202400438,GN201B1,UNIVERSAL HUMAN VALUE II (GN201B1),B
202400444,GN201B1,UNIVERSAL HUMAN VALUE II (GN201B1),C
202400446,GN201B1,UNIVERSAL HUMAN VALUE II (GN201B1),A
202400449,GN201B1,UNIVERSAL HUMAN VALUE II (GN201B1),B
202400453,GN201B1,UNIVERSAL HUMAN VALUE II (GN201B1),C
202400454,GN201B1,UNIVERSAL HUMAN VALUE II (GN201B1),C
202400459,GN201B1,UNIVERSAL HUMAN VALUE II (GN201B1),B
202400463,GN201B1,UNIVERSAL HUMAN VALUE II (GN201B1),E
202400464,GN201B1,UNIVERSAL HUMAN VALUE II (GN201B1),D
202400468,GN201B1,UNIVERSAL HUMAN VALUE II (GN201B1),C
202400484,GN201B1,UNIVERSAL HUMAN VALUE II (GN201B1),E
202400486,GN201B1,UNIVERSAL HUMAN VALUE II (GN201B1),B
202400487,GN201B1,UNIVERSAL HUMAN VALUE II (GN201B1),B
202400494,GN201B1,UNIVERSAL HUMAN VALUE II (GN201B1),C
202400498,GN201B1,UNIVERSAL HUMAN VALUE II (GN201B1),B
202400502,GN201B1,UNIVERSAL HUMAN VALUE II (GN201B1),B
202400511,GN201B1,UNIVERSAL HUMAN VALUE II (GN201B1),D
202400514,GN201B1,UNIVERSAL HUMAN VALUE II (GN201B1),B
202400515,GN201B1,UNIVERSAL HUMAN VALUE II (GN201B1),D
202400517,GN201B1,UNIVERSAL HUMAN VALUE II (GN201B1),C
202400518,GN201B1,UNIVERSAL HUMAN VALUE II (GN201B1),C
202400522,GN201B1,UNIVERSAL HUMAN VALUE II (GN201B1),F
202400526,GN201B1,UNIVERSAL HUMAN VALUE II (GN201B1),B
202400527,GN201B1,UNIVERSAL HUMAN VALUE II (GN201B1),C
202400529,GN201B1,UNIVERSAL HUMAN VALUE II (GN201B1),C
202400531,GN201B1,UNIVERSAL HUMAN VALUE II (GN201B1),A
202400539,GN201B1,UNIVERSAL HUMAN VALUE II (GN201B1),A
202400541,GN201B1,UNIVERSAL HUMAN VALUE II (GN201B1),C
202400542,GN201B1,UNIVERSAL HUMAN VALUE II (GN201B1),B
202400546,GN201B1,UNIVERSAL HUMAN VALUE II (GN201B1),A
202400547,GN201B1,UNIVERSAL HUMAN VALUE II (GN201B1),B
202400550,GN201B1,UNIVERSAL HUMAN VALUE II (GN201B1),B
202400551,GN201B1,UNIVERSAL HUMAN VALUE II (GN201B1),B
202400552,GN201B1,UNIVERSAL HUMAN VALUE II (GN201B1),C
202400558,GN201B1,UNIVERSAL HUMAN VALUE II (GN201B1),B
202400562,GN201B1,UNIVERSAL HUMAN VALUE II (GN201B1),C
202400565,GN201B1,UNIVERSAL HUMAN VALUE II (GN201B1),D
202400568,GN201B1,UNIVERSAL HUMAN VALUE II (GN201B1),C
202400569,GN201B1,UNIVERSAL HUMAN VALUE II (GN201B1),B
202400576,GN201B1,UNIVERSAL HUMAN VALUE II (GN201B1),D
202400703,GN201B1,UNIVERSAL HUMAN VALUE II (GN201B1),A
202400706,GN201B1,UNIVERSAL HUMAN VALUE II (GN201B1),A
202400710,GN201B1,UNIVERSAL HUMAN VALUE II (GN201B1),D
202400715,GN201B1,UNIVERSAL HUMAN VALUE II (GN201B1),C
202400716,GN201B1,UNIVERSAL HUMAN VALUE II (GN201B1),A
202400720,GN201B1,UNIVERSAL HUMAN VALUE II (GN201B1),C
202400722,GN201B1,UNIVERSAL HUMAN VALUE II (GN201B1),B
202400725,GN201B1,UNIVERSAL HUMAN VALUE II (GN201B1),D
202400726,GN201B1,UNIVERSAL HUMAN VALUE II (GN201B1),B
202400729,GN201B1,UNIVERSAL HUMAN VALUE II (GN201B1),D
202400731,GN201B1,UNIVERSAL HUMAN VALUE II (GN201B1),C
202400733,GN201B1,UNIVERSAL HUMAN VALUE II (GN201B1),A
202400737,GN201B1,UNIVERSAL HUMAN VALUE II (GN201B1),A
202400739,GN201B1,UNIVERSAL HUMAN VALUE II (GN201B1),C
202400741,GN201B1,UNIVERSAL HUMAN VALUE II (GN201B1),D
202400744,GN201B1,UNIVERSAL HUMAN VALUE II (GN201B1),B
202400745,GN201B1,UNIVERSAL HUMAN VALUE II (GN201B1),C
202400749,GN201B1,UNIVERSAL HUMAN VALUE II (GN201B1),C
202400753,GN201B1,UNIVERSAL HUMAN VALUE II (GN201B1),F
202400755,GN201B1,UNIVERSAL HUMAN VALUE II (GN201B1),C
202400756,GN201B1,UNIVERSAL HUMAN VALUE II (GN201B1),C
202400760,GN201B1,UNIVERSAL HUMAN VALUE II (GN201B1),C
202400762,GN201B1,UNIVERSAL HUMAN VALUE II (GN201B1),C
202400764,GN201B1,UNIVERSAL HUMAN VALUE II (GN201B1),B
202400768,GN201B1,UNIVERSAL HUMAN VALUE II (GN201B1),B
202400769,GN201B1,UNIVERSAL HUMAN VALUE II (GN201B1),C
202511501,GN201B1,UNIVERSAL HUMAN VALUE II (GN201B1),C
202511504,GN201B1,UNIVERSAL HUMAN VALUE II (GN201B1),D
202511505,GN201B1,UNIVERSAL HUMAN VALUE II (GN201B1),D
202511542,GN201B1,UNIVERSAL HUMAN VALUE II (GN201B1),B
202511545,GN201B1,UNIVERSAL HUMAN VALUE II (GN201B1),B
202300586,GN201B1,UNIVERSAL HUMAN VALUE II (GN201B1),B
202400001,GN201B1,UNIVERSAL HUMAN VALUE II (GN201B1),C
202400005,GN201B1,UNIVERSAL HUMAN VALUE II (GN201B1),D
202400018,GN201B1,UNIVERSAL HUMAN VALUE II (GN201B1),B
202400020,GN201B1,UNIVERSAL HUMAN VALUE II (GN201B1),B
202400033,GN201B1,UNIVERSAL HUMAN VALUE II (GN201B1),B
202400044,GN201B1,UNIVERSAL HUMAN VALUE II (GN201B1),C
202400045,GN201B1,UNIVERSAL HUMAN VALUE II (GN201B1),B
202400056,GN201B1,UNIVERSAL HUMAN VALUE II (GN201B1),B
202400074,GN201B1,UNIVERSAL HUMAN VALUE II (GN201B1),B
202400077,GN201B1,UNIVERSAL HUMAN VALUE II (GN201B1),D
202400096,GN201B1,UNIVERSAL HUMAN VALUE II (GN201B1),C
202400120,GN201B1,UNIVERSAL HUMAN VALUE II (GN201B1),C
202400127,GN201B1,UNIVERSAL HUMAN VALUE II (GN201B1),A
202400132,GN201B1,UNIVERSAL HUMAN VALUE II (GN201B1),B
202400138,GN201B1,UNIVERSAL HUMAN VALUE II (GN201B1),B
202400181,GN201B1,UNIVERSAL HUMAN VALUE II (GN201B1),A
202400186,GN201B1,UNIVERSAL HUMAN VALUE II (GN201B1),C
202400193,GN201B1,UNIVERSAL HUMAN VALUE II (GN201B1),B
202400201,GN201B1,UNIVERSAL HUMAN VALUE II (GN201B1),C
202400219,GN201B1,UNIVERSAL HUMAN VALUE II (GN201B1),E
202400223,GN201B1,UNIVERSAL HUMAN VALUE II (GN201B1),B
202400234,GN201B1,UNIVERSAL HUMAN VALUE II (GN201B1),C
202400251,GN201B1,UNIVERSAL HUMAN VALUE II (GN201B1),A
202400258,GN201B1,UNIVERSAL HUMAN VALUE II (GN201B1),C
202400269,GN201B1,UNIVERSAL HUMAN VALUE II (GN201B1),C
202400271,GN201B1,UNIVERSAL HUMAN VALUE II (GN201B1),C
202400291,GN201B1,UNIVERSAL HUMAN VALUE II (GN201B1),B
202400297,GN201B1,UNIVERSAL HUMAN VALUE II (GN201B1),C
202400302,GN201B1,UNIVERSAL HUMAN VALUE II (GN201B1),A
202400309,GN201B1,UNIVERSAL HUMAN VALUE II (GN201B1),D
202400318,GN201B1,UNIVERSAL HUMAN VALUE II (GN201B1),C
202400344,GN201B1,UNIVERSAL HUMAN VALUE II (GN201B1),E
202400350,GN201B1,UNIVERSAL HUMAN VALUE II (GN201B1),A
202400355,GN201B1,UNIVERSAL HUMAN VALUE II (GN201B1),C
202400372,GN201B1,UNIVERSAL HUMAN VALUE II (GN201B1),B
202400390,GN201B1,UNIVERSAL HUMAN VALUE II (GN201B1),D
202400400,GN201B1,UNIVERSAL HUMAN VALUE II (GN201B1),D
202400405,GN201B1,UNIVERSAL HUMAN VALUE II (GN201B1),C
202400407,GN201B1,UNIVERSAL HUMAN VALUE II (GN201B1),B
202400408,GN201B1,UNIVERSAL HUMAN VALUE II (GN201B1),D
202400410,GN201B1,UNIVERSAL HUMAN VALUE II (GN201B1),A
202400417,GN201B1,UNIVERSAL HUMAN VALUE II (GN201B1),B
202400419,GN201B1,UNIVERSAL HUMAN VALUE II (GN201B1),D
202400421,GN201B1,UNIVERSAL HUMAN VALUE II (GN201B1),A
202400427,GN201B1,UNIVERSAL HUMAN VALUE II (GN201B1),D
202400441,GN201B1,UNIVERSAL HUMAN VALUE II (GN201B1),D
202400451,GN201B1,UNIVERSAL HUMAN VALUE II (GN201B1),C
202400456,GN201B1,UNIVERSAL HUMAN VALUE II (GN201B1),B
202400488,GN201B1,UNIVERSAL HUMAN VALUE II (GN201B1),C
202400493,GN201B1,UNIVERSAL HUMAN VALUE II (GN201B1),D
202400508,GN201B1,UNIVERSAL HUMAN VALUE II (GN201B1),F
202400512,GN201B1,UNIVERSAL HUMAN VALUE II (GN201B1),C
202400533,GN201B1,UNIVERSAL HUMAN VALUE II (GN201B1),C
202400548,GN201B1,UNIVERSAL HUMAN VALUE II (GN201B1),D
202400701,GN201B1,UNIVERSAL HUMAN VALUE II (GN201B1),C
202400709,GN201B1,UNIVERSAL HUMAN VALUE II (GN201B1),C
202400717,GN201B1,UNIVERSAL HUMAN VALUE II (GN201B1),D
202400718,GN201B1,UNIVERSAL HUMAN VALUE II (GN201B1),B
202400719,GN201B1,UNIVERSAL HUMAN VALUE II (GN201B1),B
202400730,GN201B1,UNIVERSAL HUMAN VALUE II (GN201B1),C
202400734,GN201B1,UNIVERSAL HUMAN VALUE II (GN201B1),C
202400736,GN201B1,UNIVERSAL HUMAN VALUE II (GN201B1),D
202400738,GN201B1,UNIVERSAL HUMAN VALUE II (GN201B1),D
202400740,GN201B1,UNIVERSAL HUMAN VALUE II (GN201B1),D
202400763,GN201B1,UNIVERSAL HUMAN VALUE II (GN201B1),B
202543501,GN201B1,UNIVERSAL HUMAN VALUE II (GN201B1),B
202543508,GN201B1,UNIVERSAL HUMAN VALUE II (GN201B1),C
202543509,GN201B1,UNIVERSAL HUMAN VALUE II (GN201B1),D
202400009,GN201B1,UNIVERSAL HUMAN VALUE II (GN201B1),C
202400065,GN201B1,UNIVERSAL HUMAN VALUE II (GN201B1),B
202400101,GN201B1,UNIVERSAL HUMAN VALUE II (GN201B1),D
202400118,GN201B1,UNIVERSAL HUMAN VALUE II (GN201B1),B
202400141,GN201B1,UNIVERSAL HUMAN VALUE II (GN201B1),D
202400177,GN201B1,UNIVERSAL HUMAN VALUE II (GN201B1),B
202400235,GN201B1,UNIVERSAL HUMAN VALUE II (GN201B1),B
202400252,GN201B1,UNIVERSAL HUMAN VALUE II (GN201B1),C
202400272,GN201B1,UNIVERSAL HUMAN VALUE II (GN201B1),C
202400274,GN201B1,UNIVERSAL HUMAN VALUE II (GN201B1),C
202400279,GN201B1,UNIVERSAL HUMAN VALUE II (GN201B1),C
202400304,GN201B1,UNIVERSAL HUMAN VALUE II (GN201B1),C
202400320,GN201B1,UNIVERSAL HUMAN VALUE II (GN201B1),E
202400325,GN201B1,UNIVERSAL HUMAN VALUE II (GN201B1),C
202400327,GN201B1,UNIVERSAL HUMAN VALUE II (GN201B1),B
202400343,GN201B1,UNIVERSAL HUMAN VALUE II (GN201B1),C
202400380,GN201B1,UNIVERSAL HUMAN VALUE II (GN201B1),B
202400445,GN201B1,UNIVERSAL HUMAN VALUE II (GN201B1),B
202400564,GN201B1,UNIVERSAL HUMAN VALUE II (GN201B1),C
202400705,GN201B1,UNIVERSAL HUMAN VALUE II (GN201B1),D
202542501,GN201B1,UNIVERSAL HUMAN VALUE II (GN201B1),E
202542502,GN201B1,UNIVERSAL HUMAN VALUE II (GN201B1),F
202542503,GN201B1,UNIVERSAL HUMAN VALUE II (GN201B1),E
202542504,GN201B1,UNIVERSAL HUMAN VALUE II (GN201B1),F
202542505,GN201B1,UNIVERSAL HUMAN VALUE II (GN201B1),D
202300174,GN201B1,UNIVERSAL HUMAN VALUE II (GN201B1),B
202400031,GN201B1,UNIVERSAL HUMAN VALUE II (GN201B1),B
202400295,GN201B1,UNIVERSAL HUMAN VALUE II (GN201B1),C
202400366,GN201B1,UNIVERSAL HUMAN VALUE II (GN201B1),A
202400473,GN201B1,UNIVERSAL HUMAN VALUE II (GN201B1),B
202400700,GN201B1,UNIVERSAL HUMAN VALUE II (GN201B1),B
202512501,GN201B1,UNIVERSAL HUMAN VALUE II (GN201B1),C
202512512,GN201B1,UNIVERSAL HUMAN VALUE II (GN201B1),D
202400022,GN201B1,UNIVERSAL HUMAN VALUE II (GN201B1),F
202400086,GN201B1,UNIVERSAL HUMAN VALUE II (GN201B1),B
202400119,GN201B1,UNIVERSAL HUMAN VALUE II (GN201B1),B
202400129,GN201B1,UNIVERSAL HUMAN VALUE II (GN201B1),A
202400192,GN201B1,UNIVERSAL HUMAN VALUE II (GN201B1),C
202400200,GN201B1,UNIVERSAL HUMAN VALUE II (GN201B1),C
202400280,GN201B1,UNIVERSAL HUMAN VALUE II (GN201B1),B
202400317,GN201B1,UNIVERSAL HUMAN VALUE II (GN201B1),C
202513502,GN201B1,UNIVERSAL HUMAN VALUE II (GN201B1),D
202513503,GN201B1,UNIVERSAL HUMAN VALUE II (GN201B1),C
202513504,GN201B1,UNIVERSAL HUMAN VALUE II (GN201B1),B
202513513,GN201B1,UNIVERSAL HUMAN VALUE II (GN201B1),D
202513514,GN201B1,UNIVERSAL HUMAN VALUE II (GN201B1),C
202513515,GN201B1,UNIVERSAL HUMAN VALUE II (GN201B1),D
202513516,GN201B1,UNIVERSAL HUMAN VALUE II (GN201B1),C
202513517,GN201B1,UNIVERSAL HUMAN VALUE II (GN201B1),B
202513518,GN201B1,UNIVERSAL HUMAN VALUE II (GN201B1),E
202400221,GN201B1,UNIVERSAL HUMAN VALUE II (GN201B1),B
202400530,GN201B1,UNIVERSAL HUMAN VALUE II (GN201B1),D
202400566,GN201B1,UNIVERSAL HUMAN VALUE II (GN201B1),C
202400574,GN201B1,UNIVERSAL HUMAN VALUE II (GN201B1),B
202400091,GN201B1,UNIVERSAL HUMAN VALUE II (GN201B1),C
202400134,GN201B1,UNIVERSAL HUMAN VALUE II (GN201B1),B
202400238,GN201B1,UNIVERSAL HUMAN VALUE II (GN201B1),D
202400477,GN201B1,UNIVERSAL HUMAN VALUE II (GN201B1),B
202400491,GN201B1,UNIVERSAL HUMAN VALUE II (GN201B1),C
202400495,GN201B1,UNIVERSAL HUMAN VALUE II (GN201B1),A
202400525,GN201B1,UNIVERSAL HUMAN VALUE II (GN201B1),C
202515501,GN201B1,UNIVERSAL HUMAN VALUE II (GN201B1),B
202515502,GN201B1,UNIVERSAL HUMAN VALUE II (GN201B1),D
202515531,GN201B1,UNIVERSAL HUMAN VALUE II (GN201B1),F
202515532,GN201B1,UNIVERSAL HUMAN VALUE II (GN201B1),B
202515533,GN201B1,UNIVERSAL HUMAN VALUE II (GN201B1),F
202515534,GN201B1,UNIVERSAL HUMAN VALUE II (GN201B1),C
202515535,GN201B1,UNIVERSAL HUMAN VALUE II (GN201B1),D
202515536,GN201B1,UNIVERSAL HUMAN VALUE II (GN201B1),B
202515537,GN201B1,UNIVERSAL HUMAN VALUE II (GN201B1),B
202200229,GN201B1,UNIVERSAL HUMAN VALUE II (GN201B1),F
202300433,GN201B1,UNIVERSAL HUMAN VALUE II (GN201B1),D
202400025,GN201B1,UNIVERSAL HUMAN VALUE II (GN201B1),C
202400054,GN201B1,UNIVERSAL HUMAN VALUE II (GN201B1),D
202400081,GN201B1,UNIVERSAL HUMAN VALUE II (GN201B1),C
202400097,GN201B1,UNIVERSAL HUMAN VALUE II (GN201B1),E
202400110,GN201B1,UNIVERSAL HUMAN VALUE II (GN201B1),D
202400128,GN201B1,UNIVERSAL HUMAN VALUE II (GN201B1),A
202400190,GN201B1,UNIVERSAL HUMAN VALUE II (GN201B1),E
202400206,GN201B1,UNIVERSAL HUMAN VALUE II (GN201B1),D
202400278,GN201B1,UNIVERSAL HUMAN VALUE II (GN201B1),C
202400286,GN201B1,UNIVERSAL HUMAN VALUE II (GN201B1),E
202400305,GN201B1,UNIVERSAL HUMAN VALUE II (GN201B1),D
202400315,GN201B1,UNIVERSAL HUMAN VALUE II (GN201B1),E
202400379,GN201B1,UNIVERSAL HUMAN VALUE II (GN201B1),B
202400394,GN201B1,UNIVERSAL HUMAN VALUE II (GN201B1),C
202400395,GN201B1,UNIVERSAL HUMAN VALUE II (GN201B1),B
202400396,GN201B1,UNIVERSAL HUMAN VALUE II (GN201B1),B
202400397,GN201B1,UNIVERSAL HUMAN VALUE II (GN201B1),F
202400413,GN201B1,UNIVERSAL HUMAN VALUE II (GN201B1),C
202400424,GN201B1,UNIVERSAL HUMAN VALUE II (GN201B1),B
202400460,GN201B1,UNIVERSAL HUMAN VALUE II (GN201B1),B
202400490,GN201B1,UNIVERSAL HUMAN VALUE II (GN201B1),C
202400496,GN201B1,UNIVERSAL HUMAN VALUE II (GN201B1),D
202400509,GN201B1,UNIVERSAL HUMAN VALUE II (GN201B1),D
202400534,GN201B1,UNIVERSAL HUMAN VALUE II (GN201B1),D
202400570,GN201B1,UNIVERSAL HUMAN VALUE II (GN201B1),B
202518501,GN201B1,UNIVERSAL HUMAN VALUE II (GN201B1),D
202518502,GN201B1,UNIVERSAL HUMAN VALUE II (GN201B1),D
202518503,GN201B1,UNIVERSAL HUMAN VALUE II (GN201B1),D
202518505,GN201B1,UNIVERSAL HUMAN VALUE II (GN201B1),F
202518506,GN201B1,UNIVERSAL HUMAN VALUE II (GN201B1),D
202518507,GN201B1,UNIVERSAL HUMAN VALUE II (GN201B1),C
202518509,GN201B1,UNIVERSAL HUMAN VALUE II (GN201B1),D
202518510,GN201B1,UNIVERSAL HUMAN VALUE II (GN201B1),C
202518511,GN201B1,UNIVERSAL HUMAN VALUE II (GN201B1),C
202518512,GN201B1,UNIVERSAL HUMAN VALUE II (GN201B1),C
202518521,GN201B1,UNIVERSAL HUMAN VALUE II (GN201B1),C
202518522,GN201B1,UNIVERSAL HUMAN VALUE II (GN201B1),E
202518523,GN201B1,UNIVERSAL HUMAN VALUE II (GN201B1),C
202518524,GN201B1,UNIVERSAL HUMAN VALUE II (GN201B1),D
202518525,GN201B1,UNIVERSAL HUMAN VALUE II (GN201B1),E
202518526,GN201B1,UNIVERSAL HUMAN VALUE II (GN201B1),E
202200217,GN201B1,UNIVERSAL HUMAN VALUE II (GN201B1),F
202400007,GN201B1,UNIVERSAL HUMAN VALUE II (GN201B1),C
202400021,GN201B1,UNIVERSAL HUMAN VALUE II (GN201B1),C
202400029,GN201B1,UNIVERSAL HUMAN VALUE II (GN201B1),C
202400034,GN201B1,UNIVERSAL HUMAN VALUE II (GN201B1),B
202400052,GN201B1,UNIVERSAL HUMAN VALUE II (GN201B1),A
202400102,GN201B1,UNIVERSAL HUMAN VALUE II (GN201B1),B
202400113,GN201B1,UNIVERSAL HUMAN VALUE II (GN201B1),A
202400130,GN201B1,UNIVERSAL HUMAN VALUE II (GN201B1),C
202400168,GN201B1,UNIVERSAL HUMAN VALUE II (GN201B1),B
202400195,GN201B1,UNIVERSAL HUMAN VALUE II (GN201B1),S
202400198,GN201B1,UNIVERSAL HUMAN VALUE II (GN201B1),B
202400240,GN201B1,UNIVERSAL HUMAN VALUE II (GN201B1),A
202400241,GN201B1,UNIVERSAL HUMAN VALUE II (GN201B1),D
202400246,GN201B1,UNIVERSAL HUMAN VALUE II (GN201B1),B
202400250,GN201B1,UNIVERSAL HUMAN VALUE II (GN201B1),B
202400262,GN201B1,UNIVERSAL HUMAN VALUE II (GN201B1),C
202400264,GN201B1,UNIVERSAL HUMAN VALUE II (GN201B1),A
202400265,GN201B1,UNIVERSAL HUMAN VALUE II (GN201B1),C
202400289,GN201B1,UNIVERSAL HUMAN VALUE II (GN201B1),B
202400303,GN201B1,UNIVERSAL HUMAN VALUE II (GN201B1),S
202400311,GN201B1,UNIVERSAL HUMAN VALUE II (GN201B1),B
202400313,GN201B1,UNIVERSAL HUMAN VALUE II (GN201B1),C
202400314,GN201B1,UNIVERSAL HUMAN VALUE II (GN201B1),B
202400324,GN201B1,UNIVERSAL HUMAN VALUE II (GN201B1),B
202400333,GN201B1,UNIVERSAL HUMAN VALUE II (GN201B1),B
202400340,GN201B1,UNIVERSAL HUMAN VALUE II (GN201B1),D
202400341,GN201B1,UNIVERSAL HUMAN VALUE II (GN201B1),D
202400351,GN201B1,UNIVERSAL HUMAN VALUE II (GN201B1),D
202400374,GN201B1,UNIVERSAL HUMAN VALUE II (GN201B1),F
202400381,GN201B1,UNIVERSAL HUMAN VALUE II (GN201B1),B
202400385,GN201B1,UNIVERSAL HUMAN VALUE II (GN201B1),A
202400416,GN201B1,UNIVERSAL HUMAN VALUE II (GN201B1),B
202400443,GN201B1,UNIVERSAL HUMAN VALUE II (GN201B1),B
202400462,GN201B1,UNIVERSAL HUMAN VALUE II (GN201B1),C
202400467,GN201B1,UNIVERSAL HUMAN VALUE II (GN201B1),B
202400470,GN201B1,UNIVERSAL HUMAN VALUE II (GN201B1),A
202400474,GN201B1,UNIVERSAL HUMAN VALUE II (GN201B1),A
202400480,GN201B1,UNIVERSAL HUMAN VALUE II (GN201B1),C
202400497,GN201B1,UNIVERSAL HUMAN VALUE II (GN201B1),C
202400500,GN201B1,UNIVERSAL HUMAN VALUE II (GN201B1),D
202400504,GN201B1,UNIVERSAL HUMAN VALUE II (GN201B1),B
202400507,GN201B1,UNIVERSAL HUMAN VALUE II (GN201B1),A
202400510,GN201B1,UNIVERSAL HUMAN VALUE II (GN201B1),B
202400519,GN201B1,UNIVERSAL HUMAN VALUE II (GN201B1),B
202400523,GN201B1,UNIVERSAL HUMAN VALUE II (GN201B1),A
202400535,GN201B1,UNIVERSAL HUMAN VALUE II (GN201B1),C
202400537,GN201B1,UNIVERSAL HUMAN VALUE II (GN201B1),B
202400538,GN201B1,UNIVERSAL HUMAN VALUE II (GN201B1),A
202400543,GN201B1,UNIVERSAL HUMAN VALUE II (GN201B1),C
202400553,GN201B1,UNIVERSAL HUMAN VALUE II (GN201B1),C
202400560,GN201B1,UNIVERSAL HUMAN VALUE II (GN201B1),A
202400712,GN201B1,UNIVERSAL HUMAN VALUE II (GN201B1),D
202400759,GN201B1,UNIVERSAL HUMAN VALUE II (GN201B1),C
202400765,GN201B1,UNIVERSAL HUMAN VALUE II (GN201B1),A
202541503,GN201B1,UNIVERSAL HUMAN VALUE II (GN201B1),D
202400008,GN201B1,UNIVERSAL HUMAN VALUE II (GN201B1),C
202400563,GN201B1,UNIVERSAL HUMAN VALUE II (GN201B1),D
202400167,GN201B1,UNIVERSAL HUMAN VALUE II (GN201B1),B
202400170,GN201B1,UNIVERSAL HUMAN VALUE II (GN201B1),D
202400174,GN201B1,UNIVERSAL HUMAN VALUE II (GN201B1),C
202400255,GN201B1,UNIVERSAL HUMAN VALUE II (GN201B1),C
202400358,GN201B1,UNIVERSAL HUMAN VALUE II (GN201B1),A
202400384,GN201B1,UNIVERSAL HUMAN VALUE II (GN201B1),B
202400389,GN201B1,UNIVERSAL HUMAN VALUE II (GN201B1),E
202400392,GN201B1,UNIVERSAL HUMAN VALUE II (GN201B1),E
202400393,GN201B1,UNIVERSAL HUMAN VALUE II (GN201B1),C
202400398,GN201B1,UNIVERSAL HUMAN VALUE II (GN201B1),C
202400505,GN201B1,UNIVERSAL HUMAN VALUE II (GN201B1),S
202400754,GN201B1,UNIVERSAL HUMAN VALUE II (GN201B1),E
202400761,GN201B1,UNIVERSAL HUMAN VALUE II (GN201B1),D
202400007,CD202A5,PROJECT BASED LEARNING II (CD202A5),D
202400021,CD202A5,PROJECT BASED LEARNING II (CD202A5),C
202400029,CD202A5,PROJECT BASED LEARNING II (CD202A5),D
202400034,CD202A5,PROJECT BASED LEARNING II (CD202A5),B
202400052,CD202A5,PROJECT BASED LEARNING II (CD202A5),D
202400102,CD202A5,PROJECT BASED LEARNING II (CD202A5),C
202400113,CD202A5,PROJECT BASED LEARNING II (CD202A5),D
202400130,CD202A5,PROJECT BASED LEARNING II (CD202A5),D
202400168,CD202A5,PROJECT BASED LEARNING II (CD202A5),C
202400195,CD202A5,PROJECT BASED LEARNING II (CD202A5),A
202400198,CD202A5,PROJECT BASED LEARNING II (CD202A5),C
202400240,CD202A5,PROJECT BASED LEARNING II (CD202A5),C
202400241,CD202A5,PROJECT BASED LEARNING II (CD202A5),C
202400246,CD202A5,PROJECT BASED LEARNING II (CD202A5),D
202400250,CD202A5,PROJECT BASED LEARNING II (CD202A5),D
202400262,CD202A5,PROJECT BASED LEARNING II (CD202A5),C
202400264,CD202A5,PROJECT BASED LEARNING II (CD202A5),C
202400265,CD202A5,PROJECT BASED LEARNING II (CD202A5),D
202400289,CD202A5,PROJECT BASED LEARNING II (CD202A5),B
202400303,CD202A5,PROJECT BASED LEARNING II (CD202A5),A
202400311,CD202A5,PROJECT BASED LEARNING II (CD202A5),D
202400314,CD202A5,PROJECT BASED LEARNING II (CD202A5),D
202400324,CD202A5,PROJECT BASED LEARNING II (CD202A5),A
202400333,CD202A5,PROJECT BASED LEARNING II (CD202A5),B
202400340,CD202A5,PROJECT BASED LEARNING II (CD202A5),D
202400341,CD202A5,PROJECT BASED LEARNING II (CD202A5),D
202400351,CD202A5,PROJECT BASED LEARNING II (CD202A5),D
202400381,CD202A5,PROJECT BASED LEARNING II (CD202A5),C
202400385,CD202A5,PROJECT BASED LEARNING II (CD202A5),B
202400416,CD202A5,PROJECT BASED LEARNING II (CD202A5),C
202400443,CD202A5,PROJECT BASED LEARNING II (CD202A5),C
202400462,CD202A5,PROJECT BASED LEARNING II (CD202A5),D
202400467,CD202A5,PROJECT BASED LEARNING II (CD202A5),D
202400470,CD202A5,PROJECT BASED LEARNING II (CD202A5),B
202400474,CD202A5,PROJECT BASED LEARNING II (CD202A5),B
202400480,CD202A5,PROJECT BASED LEARNING II (CD202A5),C
202400497,CD202A5,PROJECT BASED LEARNING II (CD202A5),D
202400500,CD202A5,PROJECT BASED LEARNING II (CD202A5),C
202400504,CD202A5,PROJECT BASED LEARNING II (CD202A5),B
202400507,CD202A5,PROJECT BASED LEARNING II (CD202A5),D
202400510,CD202A5,PROJECT BASED LEARNING II (CD202A5),B
202400519,CD202A5,PROJECT BASED LEARNING II (CD202A5),C
202400523,CD202A5,PROJECT BASED LEARNING II (CD202A5),B
202400535,CD202A5,PROJECT BASED LEARNING II (CD202A5),C
202400537,CD202A5,PROJECT BASED LEARNING II (CD202A5),C
202400538,CD202A5,PROJECT BASED LEARNING II (CD202A5),B
202400543,CD202A5,PROJECT BASED LEARNING II (CD202A5),D
202400553,CD202A5,PROJECT BASED LEARNING II (CD202A5),E
202400712,CD202A5,PROJECT BASED LEARNING II (CD202A5),C
202400759,CD202A5,PROJECT BASED LEARNING II (CD202A5),C
202400765,CD202A5,PROJECT BASED LEARNING II (CD202A5),C
202541503,CD202A5,PROJECT BASED LEARNING II (CD202A5),D
202400007,CD205A1,DATABASE MANAGEMENT SYSTEMS (CD205A1),B
202400021,CD205A1,DATABASE MANAGEMENT SYSTEMS (CD205A1),B
202400029,CD205A1,DATABASE MANAGEMENT SYSTEMS (CD205A1),E
202400034,CD205A1,DATABASE MANAGEMENT SYSTEMS (CD205A1),B
202400052,CD205A1,DATABASE MANAGEMENT SYSTEMS (CD205A1),C
202400102,CD205A1,DATABASE MANAGEMENT SYSTEMS (CD205A1),D
202400113,CD205A1,DATABASE MANAGEMENT SYSTEMS (CD205A1),B
202400130,CD205A1,DATABASE MANAGEMENT SYSTEMS (CD205A1),E
202400168,CD205A1,DATABASE MANAGEMENT SYSTEMS (CD205A1),B
202400195,CD205A1,DATABASE MANAGEMENT SYSTEMS (CD205A1),A
202400198,CD205A1,DATABASE MANAGEMENT SYSTEMS (CD205A1),B
202400240,CD205A1,DATABASE MANAGEMENT SYSTEMS (CD205A1),C
202400241,CD205A1,DATABASE MANAGEMENT SYSTEMS (CD205A1),D
202400246,CD205A1,DATABASE MANAGEMENT SYSTEMS (CD205A1),D
202400250,CD205A1,DATABASE MANAGEMENT SYSTEMS (CD205A1),B
202400262,CD205A1,DATABASE MANAGEMENT SYSTEMS (CD205A1),A
202400264,CD205A1,DATABASE MANAGEMENT SYSTEMS (CD205A1),C
202400265,CD205A1,DATABASE MANAGEMENT SYSTEMS (CD205A1),D
202400289,CD205A1,DATABASE MANAGEMENT SYSTEMS (CD205A1),C
202400303,CD205A1,DATABASE MANAGEMENT SYSTEMS (CD205A1),S
202400311,CD205A1,DATABASE MANAGEMENT SYSTEMS (CD205A1),A
202400313,CD205A1,DATABASE MANAGEMENT SYSTEMS (CD205A1),E
202400314,CD205A1,DATABASE MANAGEMENT SYSTEMS (CD205A1),B
202400324,CD205A1,DATABASE MANAGEMENT SYSTEMS (CD205A1),B
202400333,CD205A1,DATABASE MANAGEMENT SYSTEMS (CD205A1),A
202400340,CD205A1,DATABASE MANAGEMENT SYSTEMS (CD205A1),D
202400341,CD205A1,DATABASE MANAGEMENT SYSTEMS (CD205A1),D
202400374,CD205A1,DATABASE MANAGEMENT SYSTEMS (CD205A1),E
202400381,CD205A1,DATABASE MANAGEMENT SYSTEMS (CD205A1),A
202400385,CD205A1,DATABASE MANAGEMENT SYSTEMS (CD205A1),S
202400416,CD205A1,DATABASE MANAGEMENT SYSTEMS (CD205A1),B
202400443,CD205A1,DATABASE MANAGEMENT SYSTEMS (CD205A1),A
202400462,CD205A1,DATABASE MANAGEMENT SYSTEMS (CD205A1),C
202400467,CD205A1,DATABASE MANAGEMENT SYSTEMS (CD205A1),B
202400470,CD205A1,DATABASE MANAGEMENT SYSTEMS (CD205A1),A
202400474,CD205A1,DATABASE MANAGEMENT SYSTEMS (CD205A1),A
202400480,CD205A1,DATABASE MANAGEMENT SYSTEMS (CD205A1),E
202400497,CD205A1,DATABASE MANAGEMENT SYSTEMS (CD205A1),C
202400500,CD205A1,DATABASE MANAGEMENT SYSTEMS (CD205A1),B
202400504,CD205A1,DATABASE MANAGEMENT SYSTEMS (CD205A1),D
202400507,CD205A1,DATABASE MANAGEMENT SYSTEMS (CD205A1),B
202400510,CD205A1,DATABASE MANAGEMENT SYSTEMS (CD205A1),B
202400519,CD205A1,DATABASE MANAGEMENT SYSTEMS (CD205A1),C
202400523,CD205A1,DATABASE MANAGEMENT SYSTEMS (CD205A1),A
202400535,CD205A1,DATABASE MANAGEMENT SYSTEMS (CD205A1),C
202400537,CD205A1,DATABASE MANAGEMENT SYSTEMS (CD205A1),D
202400538,CD205A1,DATABASE MANAGEMENT SYSTEMS (CD205A1),B
202400543,CD205A1,DATABASE MANAGEMENT SYSTEMS (CD205A1),A
202400553,CD205A1,DATABASE MANAGEMENT SYSTEMS (CD205A1),D
202400712,CD205A1,DATABASE MANAGEMENT SYSTEMS (CD205A1),B
202400759,CD205A1,DATABASE MANAGEMENT SYSTEMS (CD205A1),B
202400765,CD205A1,DATABASE MANAGEMENT SYSTEMS (CD205A1),S
202541503,CD205A1,DATABASE MANAGEMENT SYSTEMS (CD205A1),D
202400007,CD203A4,OBJECT ORIENTED PROGRAMMING USING JAVA LAB (CD203A4),S
202400021,CD203A4,OBJECT ORIENTED PROGRAMMING USING JAVA LAB (CD203A4),A
202400029,CD203A4,OBJECT ORIENTED PROGRAMMING USING JAVA LAB (CD203A4),D
202400034,CD203A4,OBJECT ORIENTED PROGRAMMING USING JAVA LAB (CD203A4),A
202400052,CD203A4,OBJECT ORIENTED PROGRAMMING USING JAVA LAB (CD203A4),C
202400102,CD203A4,OBJECT ORIENTED PROGRAMMING USING JAVA LAB (CD203A4),C
202400113,CD203A4,OBJECT ORIENTED PROGRAMMING USING JAVA LAB (CD203A4),D
202400130,CD203A4,OBJECT ORIENTED PROGRAMMING USING JAVA LAB (CD203A4),C
202400168,CD203A4,OBJECT ORIENTED PROGRAMMING USING JAVA LAB (CD203A4),B
202400195,CD203A4,OBJECT ORIENTED PROGRAMMING USING JAVA LAB (CD203A4),S
202400198,CD203A4,OBJECT ORIENTED PROGRAMMING USING JAVA LAB (CD203A4),B
202400240,CD203A4,OBJECT ORIENTED PROGRAMMING USING JAVA LAB (CD203A4),A
202400241,CD203A4,OBJECT ORIENTED PROGRAMMING USING JAVA LAB (CD203A4),A
202400246,CD203A4,OBJECT ORIENTED PROGRAMMING USING JAVA LAB (CD203A4),A
202400250,CD203A4,OBJECT ORIENTED PROGRAMMING USING JAVA LAB (CD203A4),C
202400262,CD203A4,OBJECT ORIENTED PROGRAMMING USING JAVA LAB (CD203A4),A
202400264,CD203A4,OBJECT ORIENTED PROGRAMMING USING JAVA LAB (CD203A4),B
202400265,CD203A4,OBJECT ORIENTED PROGRAMMING USING JAVA LAB (CD203A4),B
202400289,CD203A4,OBJECT ORIENTED PROGRAMMING USING JAVA LAB (CD203A4),D
202400303,CD203A4,OBJECT ORIENTED PROGRAMMING USING JAVA LAB (CD203A4),S
202400311,CD203A4,OBJECT ORIENTED PROGRAMMING USING JAVA LAB (CD203A4),D
202400313,CD203A4,OBJECT ORIENTED PROGRAMMING USING JAVA LAB (CD203A4),D
202400314,CD203A4,OBJECT ORIENTED PROGRAMMING USING JAVA LAB (CD203A4),C
202400333,CD203A4,OBJECT ORIENTED PROGRAMMING USING JAVA LAB (CD203A4),A
202400340,CD203A4,OBJECT ORIENTED PROGRAMMING USING JAVA LAB (CD203A4),D
202400341,CD203A4,OBJECT ORIENTED PROGRAMMING USING JAVA LAB (CD203A4),D
202400351,CD203A4,OBJECT ORIENTED PROGRAMMING USING JAVA LAB (CD203A4),D
202400374,CD203A4,OBJECT ORIENTED PROGRAMMING USING JAVA LAB (CD203A4),D
202400381,CD203A4,OBJECT ORIENTED PROGRAMMING USING JAVA LAB (CD203A4),B
202400385,CD203A4,OBJECT ORIENTED PROGRAMMING USING JAVA LAB (CD203A4),A
202400416,CD203A4,OBJECT ORIENTED PROGRAMMING USING JAVA LAB (CD203A4),B
202400443,CD203A4,OBJECT ORIENTED PROGRAMMING USING JAVA LAB (CD203A4),B
202400462,CD203A4,OBJECT ORIENTED PROGRAMMING USING JAVA LAB (CD203A4),C
202400467,CD203A4,OBJECT ORIENTED PROGRAMMING USING JAVA LAB (CD203A4),C
202400470,CD203A4,OBJECT ORIENTED PROGRAMMING USING JAVA LAB (CD203A4),A
202400474,CD203A4,OBJECT ORIENTED PROGRAMMING USING JAVA LAB (CD203A4),A
202400480,CD203A4,OBJECT ORIENTED PROGRAMMING USING JAVA LAB (CD203A4),D
202400497,CD203A4,OBJECT ORIENTED PROGRAMMING USING JAVA LAB (CD203A4),D
202400500,CD203A4,OBJECT ORIENTED PROGRAMMING USING JAVA LAB (CD203A4),C
202400504,CD203A4,OBJECT ORIENTED PROGRAMMING USING JAVA LAB (CD203A4),D
202400507,CD203A4,OBJECT ORIENTED PROGRAMMING USING JAVA LAB (CD203A4),D
202400510,CD203A4,OBJECT ORIENTED PROGRAMMING USING JAVA LAB (CD203A4),B
202400519,CD203A4,OBJECT ORIENTED PROGRAMMING USING JAVA LAB (CD203A4),B
202400523,CD203A4,OBJECT ORIENTED PROGRAMMING USING JAVA LAB (CD203A4),S
202400535,CD203A4,OBJECT ORIENTED PROGRAMMING USING JAVA LAB (CD203A4),A
202400537,CD203A4,OBJECT ORIENTED PROGRAMMING USING JAVA LAB (CD203A4),C
202400538,CD203A4,OBJECT ORIENTED PROGRAMMING USING JAVA LAB (CD203A4),B
202400543,CD203A4,OBJECT ORIENTED PROGRAMMING USING JAVA LAB (CD203A4),C
202400553,CD203A4,OBJECT ORIENTED PROGRAMMING USING JAVA LAB (CD203A4),C
202400560,CD203A4,OBJECT ORIENTED PROGRAMMING USING JAVA LAB (CD203A4),E
202400712,CD203A4,OBJECT ORIENTED PROGRAMMING USING JAVA LAB (CD203A4),A
202400759,CD203A4,OBJECT ORIENTED PROGRAMMING USING JAVA LAB (CD203A4),C
202400765,CD203A4,OBJECT ORIENTED PROGRAMMING USING JAVA LAB (CD203A4),A
202541503,CD203A4,OBJECT ORIENTED PROGRAMMING USING JAVA LAB (CD203A4),C
202400007,CD204A1,DESIGN AND ANALYSIS OF ALGORITHMS (CD204A1),C
202400021,CD204A1,DESIGN AND ANALYSIS OF ALGORITHMS (CD204A1),C
202400029,CD204A1,DESIGN AND ANALYSIS OF ALGORITHMS (CD204A1),E
202400034,CD204A1,DESIGN AND ANALYSIS OF ALGORITHMS (CD204A1),D
202400052,CD204A1,DESIGN AND ANALYSIS OF ALGORITHMS (CD204A1),C
202400102,CD204A1,DESIGN AND ANALYSIS OF ALGORITHMS (CD204A1),D
202400113,CD204A1,DESIGN AND ANALYSIS OF ALGORITHMS (CD204A1),D
202400130,CD204A1,DESIGN AND ANALYSIS OF ALGORITHMS (CD204A1),E
202400168,CD204A1,DESIGN AND ANALYSIS OF ALGORITHMS (CD204A1),B
202400195,CD204A1,DESIGN AND ANALYSIS OF ALGORITHMS (CD204A1),A
202400198,CD204A1,DESIGN AND ANALYSIS OF ALGORITHMS (CD204A1),B
202400240,CD204A1,DESIGN AND ANALYSIS OF ALGORITHMS (CD204A1),C
202400241,CD204A1,DESIGN AND ANALYSIS OF ALGORITHMS (CD204A1),E
202400246,CD204A1,DESIGN AND ANALYSIS OF ALGORITHMS (CD204A1),D
202400250,CD204A1,DESIGN AND ANALYSIS OF ALGORITHMS (CD204A1),D
202400262,CD204A1,DESIGN AND ANALYSIS OF ALGORITHMS (CD204A1),C
202400265,CD204A1,DESIGN AND ANALYSIS OF ALGORITHMS (CD204A1),C
202400289,CD204A1,DESIGN AND ANALYSIS OF ALGORITHMS (CD204A1),C
202400303,CD204A1,DESIGN AND ANALYSIS OF ALGORITHMS (CD204A1),C
202400311,CD204A1,DESIGN AND ANALYSIS OF ALGORITHMS (CD204A1),A
202400313,CD204A1,DESIGN AND ANALYSIS OF ALGORITHMS (CD204A1),D
202400314,CD204A1,DESIGN AND ANALYSIS OF ALGORITHMS (CD204A1),D
202400324,CD204A1,DESIGN AND ANALYSIS OF ALGORITHMS (CD204A1),C
202400326,CD204A1,DESIGN AND ANALYSIS OF ALGORITHMS (CD204A1),F
202400340,CD204A1,DESIGN AND ANALYSIS OF ALGORITHMS (CD204A1),C
202400341,CD204A1,DESIGN AND ANALYSIS OF ALGORITHMS (CD204A1),D
202400351,CD204A1,DESIGN AND ANALYSIS OF ALGORITHMS (CD204A1),D
202400374,CD204A1,DESIGN AND ANALYSIS OF ALGORITHMS (CD204A1),D
202400381,CD204A1,DESIGN AND ANALYSIS OF ALGORITHMS (CD204A1),C
202400385,CD204A1,DESIGN AND ANALYSIS OF ALGORITHMS (CD204A1),B
202400416,CD204A1,DESIGN AND ANALYSIS OF ALGORITHMS (CD204A1),B
202400443,CD204A1,DESIGN AND ANALYSIS OF ALGORITHMS (CD204A1),D
202400462,CD204A1,DESIGN AND ANALYSIS OF ALGORITHMS (CD204A1),C
202400467,CD204A1,DESIGN AND ANALYSIS OF ALGORITHMS (CD204A1),D
202400470,CD204A1,DESIGN AND ANALYSIS OF ALGORITHMS (CD204A1),B
202400474,CD204A1,DESIGN AND ANALYSIS OF ALGORITHMS (CD204A1),C
202400480,CD204A1,DESIGN AND ANALYSIS OF ALGORITHMS (CD204A1),C
202400497,CD204A1,DESIGN AND ANALYSIS OF ALGORITHMS (CD204A1),E
202400500,CD204A1,DESIGN AND ANALYSIS OF ALGORITHMS (CD204A1),D
202400504,CD204A1,DESIGN AND ANALYSIS OF ALGORITHMS (CD204A1),D
202400507,CD204A1,DESIGN AND ANALYSIS OF ALGORITHMS (CD204A1),F
202400510,CD204A1,DESIGN AND ANALYSIS OF ALGORITHMS (CD204A1),C
202400513,CD204A1,DESIGN AND ANALYSIS OF ALGORITHMS (CD204A1),F
202400523,CD204A1,DESIGN AND ANALYSIS OF ALGORITHMS (CD204A1),C
202400535,CD204A1,DESIGN AND ANALYSIS OF ALGORITHMS (CD204A1),C
202400537,CD204A1,DESIGN AND ANALYSIS OF ALGORITHMS (CD204A1),E
202400538,CD204A1,DESIGN AND ANALYSIS OF ALGORITHMS (CD204A1),D
202400543,CD204A1,DESIGN AND ANALYSIS OF ALGORITHMS (CD204A1),C
202400553,CD204A1,DESIGN AND ANALYSIS OF ALGORITHMS (CD204A1),D
202400560,CD204A1,DESIGN AND ANALYSIS OF ALGORITHMS (CD204A1),E
202400759,CD204A1,DESIGN AND ANALYSIS OF ALGORITHMS (CD204A1),D
202400765,CD204A1,DESIGN AND ANALYSIS OF ALGORITHMS (CD204A1),C
202541503,CD204A1,DESIGN AND ANALYSIS OF ALGORITHMS (CD204A1),D
202400264,CD204A1,DESIGN AND ANALYSIS OF ALGORITHMS (CD204A1),D
